Name,Reference,Distorted,Metric,Metric_val,Mask,Time
crowd_run,crowd_run_short_1920x1080_50.yuv,enc_res_bytedance_mv_subjective_crowd_run_short_1000,psnr,25.615,True,14
crowd_run,crowd_run_short_1920x1080_50.yuv,enc_res_bytedance_mv_subjective_crowd_run_short_2000,psnr,25.782,True,14
crowd_run,crowd_run_short_1920x1080_50.yuv,enc_res_huawei_20190725_mv_subjective_crowd_run_short_1000,psnr,25.539,True,12
crowd_run,crowd_run_short_1920x1080_50.yuv,enc_res_bytedance_mv_subjective_crowd_run_short_4000,psnr,25.758,True,14
crowd_run,crowd_run_short_1920x1080_50.yuv,enc_res_huawei_20190725_mv_subjective_crowd_run_short_2000,psnr,25.757,True,14
crowd_run,crowd_run_short_1920x1080_50.yuv,enc_res_huawei_20190725_mv_subjective_crowd_run_short_4000,psnr,25.795,True,14
crowd_run,crowd_run_short_1920x1080_50.yuv,enc_res_huawei_mv_subjective_crowd_run_short_1000,psnr,25.55,True,13
crowd_run,crowd_run_short_1920x1080_50.yuv,enc_res_huawei_mv_subjective_crowd_run_short_2000,psnr,25.755,True,13
crowd_run,crowd_run_short_1920x1080_50.yuv,enc_res_huawei_mv_subjective_crowd_run_short_4000,psnr,25.798,True,14
crowd_run,crowd_run_short_1920x1080_50.yuv,enc_res_mainconcept_mv_subjective_crowd_run_short_1000,psnr,25.661,True,12
crowd_run,crowd_run_short_1920x1080_50.yuv,enc_res_mainconcept_mv_subjective_crowd_run_short_2000,psnr,25.775,True,13
crowd_run,crowd_run_short_1920x1080_50.yuv,enc_res_mainconcept_mv_subjective_crowd_run_short_4000,psnr,25.714,True,14
crowd_run,crowd_run_short_1920x1080_50.yuv,enc_res_sif_mv_subjective_crowd_run_short_1000,psnr,24.426,True,15
crowd_run,crowd_run_short_1920x1080_50.yuv,enc_res_sif_mv_subjective_crowd_run_short_2000,psnr,25.112,True,17
crowd_run,crowd_run_short_1920x1080_50.yuv,enc_res_sz265_mv_subjective_crowd_run_short_1000,psnr,25.651,True,13
crowd_run,crowd_run_short_1920x1080_50.yuv,enc_res_sif_mv_subjective_crowd_run_short_4000,psnr,25.479,True,18
crowd_run,crowd_run_short_1920x1080_50.yuv,enc_res_sz265_mv_subjective_crowd_run_short_2000,psnr,25.772,True,13
crowd_run,crowd_run_short_1920x1080_50.yuv,enc_res_sz265_mv_subjective_crowd_run_short_4000,psnr,25.757,True,15
crowd_run,crowd_run_short_1920x1080_50.yuv,enc_res_t265_mv_subjective_crowd_run_short_1000,psnr,25.759,True,14
crowd_run,crowd_run_short_1920x1080_50.yuv,enc_res_t265_mv_subjective_crowd_run_short_2000,psnr,25.866,True,15
crowd_run,crowd_run_short_1920x1080_50.yuv,enc_res_t265_mv_subjective_crowd_run_short_4000,psnr,25.808,True,15
crowd_run,crowd_run_short_1920x1080_50.yuv,enc_res_uc265_mv_subjective_crowd_run_short_1000,psnr,25.656,True,14
crowd_run,crowd_run_short_1920x1080_50.yuv,enc_res_uc265_mv_subjective_crowd_run_short_2000,psnr,25.851,True,13
crowd_run,crowd_run_short_1920x1080_50.yuv,enc_res_uc265_mv_subjective_crowd_run_short_4000,psnr,25.792,True,14
crowd_run,crowd_run_short_1920x1080_50.yuv,enc_res_venc_mv_subjective_crowd_run_short_1000,psnr,25.061,True,16
crowd_run,crowd_run_short_1920x1080_50.yuv,enc_res_venc_mv_subjective_crowd_run_short_2000,psnr,25.049,True,17
crowd_run,crowd_run_short_1920x1080_50.yuv,enc_res_venc_mv_subjective_crowd_run_short_4000,psnr,24.946,True,16
crowd_run,crowd_run_short_1920x1080_50.yuv,enc_res_vp9_mv_subjective_crowd_run_short_1000,psnr,25.497,True,18
crowd_run,crowd_run_short_1920x1080_50.yuv,enc_res_vp9_mv_subjective_crowd_run_short_2000,psnr,25.523,True,17
crowd_run,crowd_run_short_1920x1080_50.yuv,enc_res_vp9_mv_subjective_crowd_run_short_4000,psnr,25.449,True,17
crowd_run,crowd_run_short_1920x1080_50.yuv,enc_res_x264_mv_subjective_crowd_run_short_1000,psnr,25.219,True,13
crowd_run,crowd_run_short_1920x1080_50.yuv,enc_res_x264_mv_subjective_crowd_run_short_2000,psnr,25.659,True,15
crowd_run,crowd_run_short_1920x1080_50.yuv,enc_res_x264_mv_subjective_crowd_run_short_4000,psnr,25.69,True,17
crowd_run,crowd_run_short_1920x1080_50.yuv,enc_res_x265_mv_subjective_crowd_run_short_1000,psnr,25.374,True,11
crowd_run,crowd_run_short_1920x1080_50.yuv,enc_res_x265_mv_subjective_crowd_run_short_2000,psnr,25.8,True,13
crowd_run,crowd_run_short_1920x1080_50.yuv,enc_res_x265_mv_subjective_crowd_run_short_4000,psnr,25.776,True,14
crowd_run,crowd_run_short_1920x1080_50.yuv,enc_res_xin265_mv_subjective_crowd_run_short_1000,psnr,25.573,True,13
crowd_run,crowd_run_short_1920x1080_50.yuv,enc_res_xin265_mv_subjective_crowd_run_short_2000,psnr,25.793,True,13
crowd_run,crowd_run_short_1920x1080_50.yuv,enc_res_xin265_mv_subjective_crowd_run_short_4000,psnr,25.79,True,15
crowd_run,crowd_run_short_1920x1080_50.yuv,enc_res_xvc_mv_subjective_crowd_run_short_1000,psnr,25.602,True,17
crowd_run,crowd_run_short_1920x1080_50.yuv,enc_res_xvc_mv_subjective_crowd_run_short_2000,psnr,25.778,True,19
crowd_run,crowd_run_short_1920x1080_50.yuv,enc_res_xvc_mv_subjective_crowd_run_short_4000,psnr,25.737,True,19
crowd_run,crowd_run_short_1920x1080_50.yuv,enc_res_bytedance_mv_subjective_crowd_run_short_1000,ssim,0.491,True,13
crowd_run,crowd_run_short_1920x1080_50.yuv,enc_res_bytedance_mv_subjective_crowd_run_short_2000,ssim,0.527,True,14
crowd_run,crowd_run_short_1920x1080_50.yuv,enc_res_bytedance_mv_subjective_crowd_run_short_4000,ssim,0.554,True,14
crowd_run,crowd_run_short_1920x1080_50.yuv,enc_res_huawei_20190725_mv_subjective_crowd_run_short_1000,ssim,0.501,True,13
crowd_run,crowd_run_short_1920x1080_50.yuv,enc_res_huawei_20190725_mv_subjective_crowd_run_short_2000,ssim,0.536,True,14
crowd_run,crowd_run_short_1920x1080_50.yuv,enc_res_huawei_20190725_mv_subjective_crowd_run_short_4000,ssim,0.559,True,14
crowd_run,crowd_run_short_1920x1080_50.yuv,enc_res_huawei_mv_subjective_crowd_run_short_1000,ssim,0.502,True,13
crowd_run,crowd_run_short_1920x1080_50.yuv,enc_res_huawei_mv_subjective_crowd_run_short_2000,ssim,0.536,True,14
crowd_run,crowd_run_short_1920x1080_50.yuv,enc_res_huawei_mv_subjective_crowd_run_short_4000,ssim,0.56,True,15
crowd_run,crowd_run_short_1920x1080_50.yuv,enc_res_mainconcept_mv_subjective_crowd_run_short_1000,ssim,0.485,True,12
crowd_run,crowd_run_short_1920x1080_50.yuv,enc_res_mainconcept_mv_subjective_crowd_run_short_2000,ssim,0.522,True,13
crowd_run,crowd_run_short_1920x1080_50.yuv,enc_res_mainconcept_mv_subjective_crowd_run_short_4000,ssim,0.547,True,15
crowd_run,crowd_run_short_1920x1080_50.yuv,enc_res_sif_mv_subjective_crowd_run_short_1000,ssim,0.404,True,16
crowd_run,crowd_run_short_1920x1080_50.yuv,enc_res_sif_mv_subjective_crowd_run_short_2000,ssim,0.464,True,17
crowd_run,crowd_run_short_1920x1080_50.yuv,enc_res_sif_mv_subjective_crowd_run_short_4000,ssim,0.511,True,18
crowd_run,crowd_run_short_1920x1080_50.yuv,enc_res_sz265_mv_subjective_crowd_run_short_1000,ssim,0.495,True,14
crowd_run,crowd_run_short_1920x1080_50.yuv,enc_res_sz265_mv_subjective_crowd_run_short_2000,ssim,0.527,True,14
crowd_run,crowd_run_short_1920x1080_50.yuv,enc_res_sz265_mv_subjective_crowd_run_short_4000,ssim,0.554,True,14
crowd_run,crowd_run_short_1920x1080_50.yuv,enc_res_t265_mv_subjective_crowd_run_short_1000,ssim,0.496,True,13
crowd_run,crowd_run_short_1920x1080_50.yuv,enc_res_t265_mv_subjective_crowd_run_short_2000,ssim,0.534,True,14
crowd_run,crowd_run_short_1920x1080_50.yuv,enc_res_uc265_mv_subjective_crowd_run_short_1000,ssim,0.488,True,13
crowd_run,crowd_run_short_1920x1080_50.yuv,enc_res_t265_mv_subjective_crowd_run_short_4000,ssim,0.56,True,15
crowd_run,crowd_run_short_1920x1080_50.yuv,enc_res_uc265_mv_subjective_crowd_run_short_2000,ssim,0.524,True,14
crowd_run,crowd_run_short_1920x1080_50.yuv,enc_res_uc265_mv_subjective_crowd_run_short_4000,ssim,0.55,True,14
crowd_run,crowd_run_short_1920x1080_50.yuv,enc_res_venc_mv_subjective_crowd_run_short_1000,ssim,0.515,True,17
crowd_run,crowd_run_short_1920x1080_50.yuv,enc_res_venc_mv_subjective_crowd_run_short_2000,ssim,0.518,True,17
crowd_run,crowd_run_short_1920x1080_50.yuv,enc_res_venc_mv_subjective_crowd_run_short_4000,ssim,0.52,True,16
crowd_run,crowd_run_short_1920x1080_50.yuv,enc_res_vp9_mv_subjective_crowd_run_short_1000,ssim,0.475,True,18
crowd_run,crowd_run_short_1920x1080_50.yuv,enc_res_vp9_mv_subjective_crowd_run_short_2000,ssim,0.513,True,16
crowd_run,crowd_run_short_1920x1080_50.yuv,enc_res_vp9_mv_subjective_crowd_run_short_4000,ssim,0.538,True,17
crowd_run,crowd_run_short_1920x1080_50.yuv,enc_res_x264_mv_subjective_crowd_run_short_1000,ssim,0.436,True,13
crowd_run,crowd_run_short_1920x1080_50.yuv,enc_res_x264_mv_subjective_crowd_run_short_2000,ssim,0.498,True,15
crowd_run,crowd_run_short_1920x1080_50.yuv,enc_res_x264_mv_subjective_crowd_run_short_4000,ssim,0.54,True,16
crowd_run,crowd_run_short_1920x1080_50.yuv,enc_res_x265_mv_subjective_crowd_run_short_1000,ssim,0.459,True,11
crowd_run,crowd_run_short_1920x1080_50.yuv,enc_res_x265_mv_subjective_crowd_run_short_2000,ssim,0.521,True,13
crowd_run,crowd_run_short_1920x1080_50.yuv,enc_res_x265_mv_subjective_crowd_run_short_4000,ssim,0.548,True,14
crowd_run,crowd_run_short_1920x1080_50.yuv,enc_res_xin265_mv_subjective_crowd_run_short_1000,ssim,0.476,True,13
crowd_run,crowd_run_short_1920x1080_50.yuv,enc_res_xin265_mv_subjective_crowd_run_short_2000,ssim,0.522,True,14
crowd_run,crowd_run_short_1920x1080_50.yuv,enc_res_xin265_mv_subjective_crowd_run_short_4000,ssim,0.547,True,15
crowd_run,crowd_run_short_1920x1080_50.yuv,enc_res_xvc_mv_subjective_crowd_run_short_1000,ssim,0.491,True,16
crowd_run,crowd_run_short_1920x1080_50.yuv,enc_res_xvc_mv_subjective_crowd_run_short_2000,ssim,0.527,True,19
crowd_run,crowd_run_short_1920x1080_50.yuv,enc_res_xvc_mv_subjective_crowd_run_short_4000,ssim,0.552,True,20
crowd_run,crowd_run_short_1920x1080_50.yuv,enc_res_bytedance_mv_subjective_crowd_run_short_1000,vmaf,15.139,True,76
crowd_run,crowd_run_short_1920x1080_50.yuv,enc_res_bytedance_mv_subjective_crowd_run_short_2000,vmaf,19.39,True,78
crowd_run,crowd_run_short_1920x1080_50.yuv,enc_res_bytedance_mv_subjective_crowd_run_short_4000,vmaf,22.898,True,63
crowd_run,crowd_run_short_1920x1080_50.yuv,enc_res_huawei_20190725_mv_subjective_crowd_run_short_1000,vmaf,12.402,True,60
crowd_run,crowd_run_short_1920x1080_50.yuv,enc_res_huawei_20190725_mv_subjective_crowd_run_short_2000,vmaf,17.154,True,66
crowd_run,crowd_run_short_1920x1080_50.yuv,enc_res_huawei_20190725_mv_subjective_crowd_run_short_4000,vmaf,21.359,True,64
crowd_run,crowd_run_short_1920x1080_50.yuv,enc_res_huawei_mv_subjective_crowd_run_short_1000,vmaf,12.408,True,53
crowd_run,crowd_run_short_1920x1080_50.yuv,enc_res_huawei_mv_subjective_crowd_run_short_2000,vmaf,17.086,True,53
crowd_run,crowd_run_short_1920x1080_50.yuv,enc_res_huawei_mv_subjective_crowd_run_short_4000,vmaf,21.245,True,53
crowd_run,crowd_run_short_1920x1080_50.yuv,enc_res_mainconcept_mv_subjective_crowd_run_short_1000,vmaf,15.818,True,53
crowd_run,crowd_run_short_1920x1080_50.yuv,enc_res_mainconcept_mv_subjective_crowd_run_short_2000,vmaf,20.279,True,54
crowd_run,crowd_run_short_1920x1080_50.yuv,enc_res_mainconcept_mv_subjective_crowd_run_short_4000,vmaf,23.584,True,54
crowd_run,crowd_run_short_1920x1080_50.yuv,enc_res_sif_mv_subjective_crowd_run_short_1000,vmaf,9.293,True,68
crowd_run,crowd_run_short_1920x1080_50.yuv,enc_res_sif_mv_subjective_crowd_run_short_2000,vmaf,14.079,True,69
crowd_run,crowd_run_short_1920x1080_50.yuv,enc_res_sif_mv_subjective_crowd_run_short_4000,vmaf,18.705,True,57
crowd_run,crowd_run_short_1920x1080_50.yuv,enc_res_sz265_mv_subjective_crowd_run_short_1000,vmaf,15.39,True,56
crowd_run,crowd_run_short_1920x1080_50.yuv,enc_res_sz265_mv_subjective_crowd_run_short_2000,vmaf,19.996,True,54
crowd_run,crowd_run_short_1920x1080_50.yuv,enc_res_sz265_mv_subjective_crowd_run_short_4000,vmaf,23.106,True,54
crowd_run,crowd_run_short_1920x1080_50.yuv,enc_res_t265_mv_subjective_crowd_run_short_1000,vmaf,14.541,True,53
crowd_run,crowd_run_short_1920x1080_50.yuv,enc_res_t265_mv_subjective_crowd_run_short_2000,vmaf,19.443,True,54
crowd_run,crowd_run_short_1920x1080_50.yuv,enc_res_t265_mv_subjective_crowd_run_short_4000,vmaf,22.921,True,56
crowd_run,crowd_run_short_1920x1080_50.yuv,enc_res_uc265_mv_subjective_crowd_run_short_1000,vmaf,13.858,True,57
crowd_run,crowd_run_short_1920x1080_50.yuv,enc_res_uc265_mv_subjective_crowd_run_short_2000,vmaf,19.067,True,57
crowd_run,crowd_run_short_1920x1080_50.yuv,enc_res_uc265_mv_subjective_crowd_run_short_4000,vmaf,23.113,True,59
crowd_run,crowd_run_short_1920x1080_50.yuv,enc_res_venc_mv_subjective_crowd_run_short_1000,vmaf,24.127,True,65
crowd_run,crowd_run_short_1920x1080_50.yuv,enc_res_venc_mv_subjective_crowd_run_short_2000,vmaf,24.464,True,63
crowd_run,crowd_run_short_1920x1080_50.yuv,enc_res_venc_mv_subjective_crowd_run_short_4000,vmaf,24.987,True,61
crowd_run,crowd_run_short_1920x1080_50.yuv,enc_res_vp9_mv_subjective_crowd_run_short_1000,vmaf,15.234,True,61
crowd_run,crowd_run_short_1920x1080_50.yuv,enc_res_vp9_mv_subjective_crowd_run_short_2000,vmaf,20.252,True,62
crowd_run,crowd_run_short_1920x1080_50.yuv,enc_res_vp9_mv_subjective_crowd_run_short_4000,vmaf,22.989,True,63
crowd_run,crowd_run_short_1920x1080_50.yuv,enc_res_x264_mv_subjective_crowd_run_short_1000,vmaf,6.189,True,55
crowd_run,crowd_run_short_1920x1080_50.yuv,enc_res_x264_mv_subjective_crowd_run_short_2000,vmaf,13.958,True,56
crowd_run,crowd_run_short_1920x1080_50.yuv,enc_res_x264_mv_subjective_crowd_run_short_4000,vmaf,20.986,True,55
crowd_run,crowd_run_short_1920x1080_50.yuv,enc_res_x265_mv_subjective_crowd_run_short_1000,vmaf,11.383,True,55
crowd_run,crowd_run_short_1920x1080_50.yuv,enc_res_x265_mv_subjective_crowd_run_short_2000,vmaf,18.972,True,66
crowd_run,crowd_run_short_1920x1080_50.yuv,enc_res_x265_mv_subjective_crowd_run_short_4000,vmaf,22.904,True,70
crowd_run,crowd_run_short_1920x1080_50.yuv,enc_res_xin265_mv_subjective_crowd_run_short_1000,vmaf,13.473,True,76
crowd_run,crowd_run_short_1920x1080_50.yuv,enc_res_xin265_mv_subjective_crowd_run_short_2000,vmaf,19.218,True,77
crowd_run,crowd_run_short_1920x1080_50.yuv,enc_res_xin265_mv_subjective_crowd_run_short_4000,vmaf,22.872,True,77
crowd_run,crowd_run_short_1920x1080_50.yuv,enc_res_xvc_mv_subjective_crowd_run_short_1000,vmaf,14.128,True,80
crowd_run,crowd_run_short_1920x1080_50.yuv,enc_res_xvc_mv_subjective_crowd_run_short_2000,vmaf,18.768,True,68
crowd_run,crowd_run_short_1920x1080_50.yuv,enc_res_xvc_mv_subjective_crowd_run_short_4000,vmaf,22.22,True,64
crowd_run,nan,enc_res_bytedance_mv_subjective_crowd_run_short_1000,niqe,6.49,True,43
crowd_run,nan,enc_res_bytedance_mv_subjective_crowd_run_short_2000,niqe,5.255,True,44
crowd_run,nan,enc_res_bytedance_mv_subjective_crowd_run_short_4000,niqe,4.55,True,44
crowd_run,nan,enc_res_huawei_20190725_mv_subjective_crowd_run_short_1000,niqe,6.921,True,43
crowd_run,nan,enc_res_huawei_20190725_mv_subjective_crowd_run_short_2000,niqe,5.566,True,44
crowd_run,nan,enc_res_huawei_20190725_mv_subjective_crowd_run_short_4000,niqe,4.702,True,44
crowd_run,nan,enc_res_huawei_mv_subjective_crowd_run_short_1000,niqe,6.912,True,44
crowd_run,nan,enc_res_huawei_mv_subjective_crowd_run_short_2000,niqe,5.583,True,43
crowd_run,nan,enc_res_huawei_mv_subjective_crowd_run_short_4000,niqe,4.595,True,45
crowd_run,nan,enc_res_mainconcept_mv_subjective_crowd_run_short_1000,niqe,6.671,True,43
crowd_run,nan,enc_res_mainconcept_mv_subjective_crowd_run_short_2000,niqe,5.411,True,44
crowd_run,nan,enc_res_mainconcept_mv_subjective_crowd_run_short_4000,niqe,4.723,True,45
crowd_run,nan,enc_res_sif_mv_subjective_crowd_run_short_1000,niqe,7.337,True,47
crowd_run,nan,enc_res_sif_mv_subjective_crowd_run_short_2000,niqe,6.319,True,47
crowd_run,nan,enc_res_sif_mv_subjective_crowd_run_short_4000,niqe,5.458,True,46
crowd_run,nan,enc_res_sz265_mv_subjective_crowd_run_short_1000,niqe,6.516,True,45
crowd_run,nan,enc_res_sz265_mv_subjective_crowd_run_short_2000,niqe,5.364,True,44
crowd_run,nan,enc_res_sz265_mv_subjective_crowd_run_short_4000,niqe,4.585,True,45
crowd_run,nan,enc_res_t265_mv_subjective_crowd_run_short_1000,niqe,7.295,True,43
crowd_run,nan,enc_res_t265_mv_subjective_crowd_run_short_2000,niqe,5.792,True,43
crowd_run,nan,enc_res_t265_mv_subjective_crowd_run_short_4000,niqe,4.825,True,44
crowd_run,nan,enc_res_uc265_mv_subjective_crowd_run_short_1000,niqe,7.014,True,43
crowd_run,nan,enc_res_uc265_mv_subjective_crowd_run_short_2000,niqe,5.717,True,44
crowd_run,nan,enc_res_uc265_mv_subjective_crowd_run_short_4000,niqe,4.617,True,44
crowd_run,nan,enc_res_venc_mv_subjective_crowd_run_short_1000,niqe,4.521,True,48
crowd_run,nan,enc_res_venc_mv_subjective_crowd_run_short_2000,niqe,4.494,True,48
crowd_run,nan,enc_res_venc_mv_subjective_crowd_run_short_4000,niqe,4.371,True,48
crowd_run,nan,enc_res_vp9_mv_subjective_crowd_run_short_1000,niqe,6.827,True,46
crowd_run,nan,enc_res_vp9_mv_subjective_crowd_run_short_2000,niqe,5.503,True,48
crowd_run,nan,enc_res_vp9_mv_subjective_crowd_run_short_4000,niqe,4.678,True,48
crowd_run,nan,enc_res_x264_mv_subjective_crowd_run_short_1000,niqe,8.551,True,45
crowd_run,nan,enc_res_x264_mv_subjective_crowd_run_short_2000,niqe,6.901,True,47
crowd_run,nan,enc_res_x264_mv_subjective_crowd_run_short_4000,niqe,5.476,True,47
crowd_run,nan,enc_res_x265_mv_subjective_crowd_run_short_1000,niqe,7.646,True,44
crowd_run,nan,enc_res_x265_mv_subjective_crowd_run_short_2000,niqe,5.472,True,44
crowd_run,nan,enc_res_x265_mv_subjective_crowd_run_short_4000,niqe,4.812,True,44
crowd_run,nan,enc_res_xin265_mv_subjective_crowd_run_short_1000,niqe,7.396,True,43
crowd_run,nan,enc_res_xin265_mv_subjective_crowd_run_short_2000,niqe,5.583,True,44
crowd_run,nan,enc_res_xin265_mv_subjective_crowd_run_short_4000,niqe,4.657,True,48
crowd_run,nan,enc_res_xvc_mv_subjective_crowd_run_short_1000,niqe,7.018,True,48
crowd_run,nan,enc_res_xvc_mv_subjective_crowd_run_short_2000,niqe,5.736,True,51
crowd_run,nan,enc_res_xvc_mv_subjective_crowd_run_short_4000,niqe,4.618,True,49
kayak_trip,kayak_trip_short_1920x1080_60.yuv,enc_res_bytedance_mv_subjective_kayak_trip_short_1000,psnr,36.809,True,36
kayak_trip,kayak_trip_short_1920x1080_60.yuv,enc_res_bytedance_mv_subjective_kayak_trip_short_2000,psnr,38.537,True,33
kayak_trip,kayak_trip_short_1920x1080_60.yuv,enc_res_huawei_20190725_mv_subjective_kayak_trip_short_1000,psnr,35.922,True,20
kayak_trip,kayak_trip_short_1920x1080_60.yuv,enc_res_bytedance_mv_subjective_kayak_trip_short_4000,psnr,40.665,True,23
kayak_trip,kayak_trip_short_1920x1080_60.yuv,enc_res_huawei_20190725_mv_subjective_kayak_trip_short_2000,psnr,38.166,True,21
kayak_trip,kayak_trip_short_1920x1080_60.yuv,enc_res_huawei_20190725_mv_subjective_kayak_trip_short_4000,psnr,39.977,True,22
kayak_trip,kayak_trip_short_1920x1080_60.yuv,enc_res_huawei_mv_subjective_kayak_trip_short_1000,psnr,35.914,True,20
kayak_trip,kayak_trip_short_1920x1080_60.yuv,enc_res_huawei_mv_subjective_kayak_trip_short_2000,psnr,38.161,True,22
kayak_trip,kayak_trip_short_1920x1080_60.yuv,enc_res_huawei_mv_subjective_kayak_trip_short_4000,psnr,40.608,True,21
kayak_trip,kayak_trip_short_1920x1080_60.yuv,enc_res_mainconcept_mv_subjective_kayak_trip_short_1000,psnr,36.465,True,17
kayak_trip,kayak_trip_short_1920x1080_60.yuv,enc_res_mainconcept_mv_subjective_kayak_trip_short_2000,psnr,38.675,True,19
kayak_trip,kayak_trip_short_1920x1080_60.yuv,enc_res_mainconcept_mv_subjective_kayak_trip_short_4000,psnr,40.925,True,21
kayak_trip,kayak_trip_short_1920x1080_60.yuv,enc_res_sif_mv_subjective_kayak_trip_short_1000,psnr,32.229,True,26
kayak_trip,kayak_trip_short_1920x1080_60.yuv,enc_res_sif_mv_subjective_kayak_trip_short_2000,psnr,34.171,True,28
kayak_trip,kayak_trip_short_1920x1080_60.yuv,enc_res_sif_mv_subjective_kayak_trip_short_4000,psnr,36.05,True,28
kayak_trip,kayak_trip_short_1920x1080_60.yuv,enc_res_sz265_mv_subjective_kayak_trip_short_1000,psnr,37.363,True,22
kayak_trip,kayak_trip_short_1920x1080_60.yuv,enc_res_sz265_mv_subjective_kayak_trip_short_2000,psnr,39.488,True,23
kayak_trip,kayak_trip_short_1920x1080_60.yuv,enc_res_sz265_mv_subjective_kayak_trip_short_4000,psnr,41.716,True,24
kayak_trip,kayak_trip_short_1920x1080_60.yuv,enc_res_t265_mv_subjective_kayak_trip_short_1000,psnr,36.558,True,20
kayak_trip,kayak_trip_short_1920x1080_60.yuv,enc_res_t265_mv_subjective_kayak_trip_short_2000,psnr,38.709,True,22
kayak_trip,kayak_trip_short_1920x1080_60.yuv,enc_res_t265_mv_subjective_kayak_trip_short_4000,psnr,41.032,True,24
kayak_trip,kayak_trip_short_1920x1080_60.yuv,enc_res_uc265_mv_subjective_kayak_trip_short_1000,psnr,36.357,True,20
kayak_trip,kayak_trip_short_1920x1080_60.yuv,enc_res_uc265_mv_subjective_kayak_trip_short_2000,psnr,38.435,True,22
kayak_trip,kayak_trip_short_1920x1080_60.yuv,enc_res_uc265_mv_subjective_kayak_trip_short_4000,psnr,40.718,True,24
kayak_trip,kayak_trip_short_1920x1080_60.yuv,enc_res_venc_mv_subjective_kayak_trip_short_1000,psnr,36.867,True,23
kayak_trip,kayak_trip_short_1920x1080_60.yuv,enc_res_venc_mv_subjective_kayak_trip_short_2000,psnr,37.744,True,24
kayak_trip,kayak_trip_short_1920x1080_60.yuv,enc_res_vp9_mv_subjective_kayak_trip_short_1000,psnr,36.388,True,20
kayak_trip,kayak_trip_short_1920x1080_60.yuv,enc_res_venc_mv_subjective_kayak_trip_short_4000,psnr,39.017,True,24
kayak_trip,kayak_trip_short_1920x1080_60.yuv,enc_res_vp9_mv_subjective_kayak_trip_short_2000,psnr,37.973,True,22
kayak_trip,kayak_trip_short_1920x1080_60.yuv,enc_res_vp9_mv_subjective_kayak_trip_short_4000,psnr,40.202,True,23
kayak_trip,kayak_trip_short_1920x1080_60.yuv,enc_res_x264_mv_subjective_kayak_trip_short_1000,psnr,32.948,True,16
kayak_trip,kayak_trip_short_1920x1080_60.yuv,enc_res_x264_mv_subjective_kayak_trip_short_2000,psnr,36.179,True,20
kayak_trip,kayak_trip_short_1920x1080_60.yuv,enc_res_x264_mv_subjective_kayak_trip_short_4000,psnr,39.103,True,23
kayak_trip,kayak_trip_short_1920x1080_60.yuv,enc_res_x265_mv_subjective_kayak_trip_short_1000,psnr,36.882,True,18
kayak_trip,kayak_trip_short_1920x1080_60.yuv,enc_res_x265_mv_subjective_kayak_trip_short_2000,psnr,39.11,True,21
kayak_trip,kayak_trip_short_1920x1080_60.yuv,enc_res_x265_mv_subjective_kayak_trip_short_4000,psnr,41.403,True,23
kayak_trip,kayak_trip_short_1920x1080_60.yuv,enc_res_xin265_mv_subjective_kayak_trip_short_1000,psnr,36.548,True,20
kayak_trip,kayak_trip_short_1920x1080_60.yuv,enc_res_xin265_mv_subjective_kayak_trip_short_2000,psnr,38.576,True,21
kayak_trip,kayak_trip_short_1920x1080_60.yuv,enc_res_xin265_mv_subjective_kayak_trip_short_4000,psnr,40.87,True,26
kayak_trip,kayak_trip_short_1920x1080_60.yuv,enc_res_xvc_mv_subjective_kayak_trip_short_1000,psnr,35.405,True,30
kayak_trip,kayak_trip_short_1920x1080_60.yuv,enc_res_xvc_mv_subjective_kayak_trip_short_2000,psnr,37.706,True,33
kayak_trip,kayak_trip_short_1920x1080_60.yuv,enc_res_xvc_mv_subjective_kayak_trip_short_4000,psnr,40.444,True,34
kayak_trip,kayak_trip_short_1920x1080_60.yuv,enc_res_bytedance_mv_subjective_kayak_trip_short_1000,ssim,0.845,True,22
kayak_trip,kayak_trip_short_1920x1080_60.yuv,enc_res_bytedance_mv_subjective_kayak_trip_short_2000,ssim,0.882,True,23
kayak_trip,kayak_trip_short_1920x1080_60.yuv,enc_res_bytedance_mv_subjective_kayak_trip_short_4000,ssim,0.922,True,24
kayak_trip,kayak_trip_short_1920x1080_60.yuv,enc_res_huawei_20190725_mv_subjective_kayak_trip_short_1000,ssim,0.843,True,20
kayak_trip,kayak_trip_short_1920x1080_60.yuv,enc_res_huawei_20190725_mv_subjective_kayak_trip_short_2000,ssim,0.892,True,22
kayak_trip,kayak_trip_short_1920x1080_60.yuv,enc_res_huawei_20190725_mv_subjective_kayak_trip_short_4000,ssim,0.925,True,23
kayak_trip,kayak_trip_short_1920x1080_60.yuv,enc_res_huawei_mv_subjective_kayak_trip_short_1000,ssim,0.842,True,20
kayak_trip,kayak_trip_short_1920x1080_60.yuv,enc_res_huawei_mv_subjective_kayak_trip_short_2000,ssim,0.892,True,21
kayak_trip,kayak_trip_short_1920x1080_60.yuv,enc_res_huawei_mv_subjective_kayak_trip_short_4000,ssim,0.934,True,23
kayak_trip,kayak_trip_short_1920x1080_60.yuv,enc_res_mainconcept_mv_subjective_kayak_trip_short_1000,ssim,0.838,True,18
kayak_trip,kayak_trip_short_1920x1080_60.yuv,enc_res_mainconcept_mv_subjective_kayak_trip_short_2000,ssim,0.888,True,19
kayak_trip,kayak_trip_short_1920x1080_60.yuv,enc_res_mainconcept_mv_subjective_kayak_trip_short_4000,ssim,0.928,True,21
kayak_trip,kayak_trip_short_1920x1080_60.yuv,enc_res_sif_mv_subjective_kayak_trip_short_1000,ssim,0.724,True,22
kayak_trip,kayak_trip_short_1920x1080_60.yuv,enc_res_sif_mv_subjective_kayak_trip_short_2000,ssim,0.786,True,24
kayak_trip,kayak_trip_short_1920x1080_60.yuv,enc_res_sif_mv_subjective_kayak_trip_short_4000,ssim,0.838,True,25
kayak_trip,kayak_trip_short_1920x1080_60.yuv,enc_res_sz265_mv_subjective_kayak_trip_short_1000,ssim,0.858,True,19
kayak_trip,kayak_trip_short_1920x1080_60.yuv,enc_res_sz265_mv_subjective_kayak_trip_short_2000,ssim,0.903,True,20
kayak_trip,kayak_trip_short_1920x1080_60.yuv,enc_res_sz265_mv_subjective_kayak_trip_short_4000,ssim,0.941,True,21
kayak_trip,kayak_trip_short_1920x1080_60.yuv,enc_res_t265_mv_subjective_kayak_trip_short_1000,ssim,0.842,True,17
kayak_trip,kayak_trip_short_1920x1080_60.yuv,enc_res_t265_mv_subjective_kayak_trip_short_2000,ssim,0.892,True,19
kayak_trip,kayak_trip_short_1920x1080_60.yuv,enc_res_t265_mv_subjective_kayak_trip_short_4000,ssim,0.934,True,21
kayak_trip,kayak_trip_short_1920x1080_60.yuv,enc_res_uc265_mv_subjective_kayak_trip_short_1000,ssim,0.833,True,18
kayak_trip,kayak_trip_short_1920x1080_60.yuv,enc_res_uc265_mv_subjective_kayak_trip_short_2000,ssim,0.879,True,19
kayak_trip,kayak_trip_short_1920x1080_60.yuv,enc_res_uc265_mv_subjective_kayak_trip_short_4000,ssim,0.922,True,21
kayak_trip,kayak_trip_short_1920x1080_60.yuv,enc_res_venc_mv_subjective_kayak_trip_short_1000,ssim,0.857,True,20
kayak_trip,kayak_trip_short_1920x1080_60.yuv,enc_res_venc_mv_subjective_kayak_trip_short_2000,ssim,0.881,True,21
kayak_trip,kayak_trip_short_1920x1080_60.yuv,enc_res_venc_mv_subjective_kayak_trip_short_4000,ssim,0.916,True,22
kayak_trip,kayak_trip_short_1920x1080_60.yuv,enc_res_vp9_mv_subjective_kayak_trip_short_1000,ssim,0.836,True,18
kayak_trip,kayak_trip_short_1920x1080_60.yuv,enc_res_vp9_mv_subjective_kayak_trip_short_2000,ssim,0.872,True,21
kayak_trip,kayak_trip_short_1920x1080_60.yuv,enc_res_vp9_mv_subjective_kayak_trip_short_4000,ssim,0.915,True,23
kayak_trip,kayak_trip_short_1920x1080_60.yuv,enc_res_x264_mv_subjective_kayak_trip_short_1000,ssim,0.754,True,16
kayak_trip,kayak_trip_short_1920x1080_60.yuv,enc_res_x264_mv_subjective_kayak_trip_short_2000,ssim,0.846,True,18
kayak_trip,kayak_trip_short_1920x1080_60.yuv,enc_res_x264_mv_subjective_kayak_trip_short_4000,ssim,0.913,True,20
kayak_trip,kayak_trip_short_1920x1080_60.yuv,enc_res_x265_mv_subjective_kayak_trip_short_1000,ssim,0.846,True,17
kayak_trip,kayak_trip_short_1920x1080_60.yuv,enc_res_x265_mv_subjective_kayak_trip_short_2000,ssim,0.897,True,22
kayak_trip,kayak_trip_short_1920x1080_60.yuv,enc_res_x265_mv_subjective_kayak_trip_short_4000,ssim,0.937,True,24
kayak_trip,kayak_trip_short_1920x1080_60.yuv,enc_res_xin265_mv_subjective_kayak_trip_short_1000,ssim,0.837,True,20
kayak_trip,kayak_trip_short_1920x1080_60.yuv,enc_res_xin265_mv_subjective_kayak_trip_short_2000,ssim,0.882,True,21
kayak_trip,kayak_trip_short_1920x1080_60.yuv,enc_res_xin265_mv_subjective_kayak_trip_short_4000,ssim,0.924,True,27
kayak_trip,kayak_trip_short_1920x1080_60.yuv,enc_res_xvc_mv_subjective_kayak_trip_short_1000,ssim,0.829,True,30
kayak_trip,kayak_trip_short_1920x1080_60.yuv,enc_res_xvc_mv_subjective_kayak_trip_short_2000,ssim,0.886,True,34
kayak_trip,kayak_trip_short_1920x1080_60.yuv,enc_res_xvc_mv_subjective_kayak_trip_short_4000,ssim,0.934,True,36
kayak_trip,kayak_trip_short_1920x1080_60.yuv,enc_res_bytedance_mv_subjective_kayak_trip_short_1000,vmaf,52.611,True,102
kayak_trip,kayak_trip_short_1920x1080_60.yuv,enc_res_bytedance_mv_subjective_kayak_trip_short_2000,vmaf,62.881,True,106
kayak_trip,kayak_trip_short_1920x1080_60.yuv,enc_res_bytedance_mv_subjective_kayak_trip_short_4000,vmaf,74.217,True,108
kayak_trip,kayak_trip_short_1920x1080_60.yuv,enc_res_huawei_20190725_mv_subjective_kayak_trip_short_1000,vmaf,47.01,True,103
kayak_trip,kayak_trip_short_1920x1080_60.yuv,enc_res_huawei_20190725_mv_subjective_kayak_trip_short_2000,vmaf,61.97,True,101
kayak_trip,kayak_trip_short_1920x1080_60.yuv,enc_res_huawei_20190725_mv_subjective_kayak_trip_short_4000,vmaf,72.843,True,99
kayak_trip,kayak_trip_short_1920x1080_60.yuv,enc_res_huawei_mv_subjective_kayak_trip_short_1000,vmaf,46.881,True,107
kayak_trip,kayak_trip_short_1920x1080_60.yuv,enc_res_huawei_mv_subjective_kayak_trip_short_2000,vmaf,61.812,True,112
kayak_trip,kayak_trip_short_1920x1080_60.yuv,enc_res_huawei_mv_subjective_kayak_trip_short_4000,vmaf,75.97,True,137
kayak_trip,kayak_trip_short_1920x1080_60.yuv,enc_res_mainconcept_mv_subjective_kayak_trip_short_1000,vmaf,49.926,True,137
kayak_trip,kayak_trip_short_1920x1080_60.yuv,enc_res_mainconcept_mv_subjective_kayak_trip_short_2000,vmaf,63.633,True,137
kayak_trip,kayak_trip_short_1920x1080_60.yuv,enc_res_mainconcept_mv_subjective_kayak_trip_short_4000,vmaf,76.469,True,139
kayak_trip,kayak_trip_short_1920x1080_60.yuv,enc_res_sif_mv_subjective_kayak_trip_short_1000,vmaf,24.61,True,112
kayak_trip,kayak_trip_short_1920x1080_60.yuv,enc_res_sif_mv_subjective_kayak_trip_short_2000,vmaf,39.368,True,108
kayak_trip,kayak_trip_short_1920x1080_60.yuv,enc_res_sif_mv_subjective_kayak_trip_short_4000,vmaf,51.684,True,99
kayak_trip,kayak_trip_short_1920x1080_60.yuv,enc_res_sz265_mv_subjective_kayak_trip_short_1000,vmaf,55.957,True,97
kayak_trip,kayak_trip_short_1920x1080_60.yuv,enc_res_sz265_mv_subjective_kayak_trip_short_2000,vmaf,68.854,True,97
kayak_trip,kayak_trip_short_1920x1080_60.yuv,enc_res_sz265_mv_subjective_kayak_trip_short_4000,vmaf,80.159,True,93
kayak_trip,kayak_trip_short_1920x1080_60.yuv,enc_res_t265_mv_subjective_kayak_trip_short_1000,vmaf,50.69,True,93
kayak_trip,kayak_trip_short_1920x1080_60.yuv,enc_res_t265_mv_subjective_kayak_trip_short_2000,vmaf,64.756,True,92
kayak_trip,kayak_trip_short_1920x1080_60.yuv,enc_res_t265_mv_subjective_kayak_trip_short_4000,vmaf,77.694,True,93
kayak_trip,kayak_trip_short_1920x1080_60.yuv,enc_res_uc265_mv_subjective_kayak_trip_short_1000,vmaf,50.658,True,93
kayak_trip,kayak_trip_short_1920x1080_60.yuv,enc_res_uc265_mv_subjective_kayak_trip_short_2000,vmaf,62.827,True,95
kayak_trip,kayak_trip_short_1920x1080_60.yuv,enc_res_uc265_mv_subjective_kayak_trip_short_4000,vmaf,74.999,True,95
kayak_trip,kayak_trip_short_1920x1080_60.yuv,enc_res_venc_mv_subjective_kayak_trip_short_1000,vmaf,59.483,True,97
kayak_trip,kayak_trip_short_1920x1080_60.yuv,enc_res_venc_mv_subjective_kayak_trip_short_2000,vmaf,66.69,True,94
kayak_trip,kayak_trip_short_1920x1080_60.yuv,enc_res_venc_mv_subjective_kayak_trip_short_4000,vmaf,77.905,True,95
kayak_trip,kayak_trip_short_1920x1080_60.yuv,enc_res_vp9_mv_subjective_kayak_trip_short_1000,vmaf,50.52,True,96
kayak_trip,kayak_trip_short_1920x1080_60.yuv,enc_res_vp9_mv_subjective_kayak_trip_short_2000,vmaf,59.881,True,98
kayak_trip,kayak_trip_short_1920x1080_60.yuv,enc_res_vp9_mv_subjective_kayak_trip_short_4000,vmaf,72.224,True,97
kayak_trip,kayak_trip_short_1920x1080_60.yuv,enc_res_x264_mv_subjective_kayak_trip_short_2000,vmaf,48.436,True,93
kayak_trip,kayak_trip_short_1920x1080_60.yuv,enc_res_x264_mv_subjective_kayak_trip_short_1000,vmaf,25.931,True,94
kayak_trip,kayak_trip_short_1920x1080_60.yuv,enc_res_x264_mv_subjective_kayak_trip_short_4000,vmaf,68.554,True,94
kayak_trip,kayak_trip_short_1920x1080_60.yuv,enc_res_x265_mv_subjective_kayak_trip_short_1000,vmaf,53.581,True,94
kayak_trip,kayak_trip_short_1920x1080_60.yuv,enc_res_x265_mv_subjective_kayak_trip_short_2000,vmaf,67.59,True,94
kayak_trip,kayak_trip_short_1920x1080_60.yuv,enc_res_x265_mv_subjective_kayak_trip_short_4000,vmaf,79.675,True,100
kayak_trip,kayak_trip_short_1920x1080_60.yuv,enc_res_xin265_mv_subjective_kayak_trip_short_1000,vmaf,50.451,True,93
kayak_trip,kayak_trip_short_1920x1080_60.yuv,enc_res_xin265_mv_subjective_kayak_trip_short_2000,vmaf,62.788,True,95
kayak_trip,kayak_trip_short_1920x1080_60.yuv,enc_res_xin265_mv_subjective_kayak_trip_short_4000,vmaf,75.075,True,94
kayak_trip,kayak_trip_short_1920x1080_60.yuv,enc_res_xvc_mv_subjective_kayak_trip_short_1000,vmaf,43.454,True,119
kayak_trip,kayak_trip_short_1920x1080_60.yuv,enc_res_xvc_mv_subjective_kayak_trip_short_2000,vmaf,59.915,True,114
kayak_trip,kayak_trip_short_1920x1080_60.yuv,enc_res_xvc_mv_subjective_kayak_trip_short_4000,vmaf,75.991,True,110
kayak_trip,nan,enc_res_bytedance_mv_subjective_kayak_trip_short_1000,niqe,8.093,True,74
kayak_trip,nan,enc_res_bytedance_mv_subjective_kayak_trip_short_2000,niqe,7.698,True,77
kayak_trip,nan,enc_res_bytedance_mv_subjective_kayak_trip_short_4000,niqe,7.305,True,80
kayak_trip,nan,enc_res_huawei_20190725_mv_subjective_kayak_trip_short_1000,niqe,8.466,True,74
kayak_trip,nan,enc_res_huawei_20190725_mv_subjective_kayak_trip_short_2000,niqe,7.82,True,76
kayak_trip,nan,enc_res_huawei_20190725_mv_subjective_kayak_trip_short_4000,niqe,7.442,True,76
kayak_trip,nan,enc_res_huawei_mv_subjective_kayak_trip_short_1000,niqe,8.443,True,73
kayak_trip,nan,enc_res_huawei_mv_subjective_kayak_trip_short_2000,niqe,7.828,True,77
kayak_trip,nan,enc_res_huawei_mv_subjective_kayak_trip_short_4000,niqe,7.338,True,78
kayak_trip,nan,enc_res_mainconcept_mv_subjective_kayak_trip_short_1000,niqe,8.136,True,73
kayak_trip,nan,enc_res_mainconcept_mv_subjective_kayak_trip_short_2000,niqe,7.661,True,74
kayak_trip,nan,enc_res_mainconcept_mv_subjective_kayak_trip_short_4000,niqe,7.329,True,78
kayak_trip,nan,enc_res_sif_mv_subjective_kayak_trip_short_1000,niqe,8.666,True,83
kayak_trip,nan,enc_res_sif_mv_subjective_kayak_trip_short_2000,niqe,7.912,True,86
kayak_trip,nan,enc_res_sif_mv_subjective_kayak_trip_short_4000,niqe,7.292,True,88
kayak_trip,nan,enc_res_sz265_mv_subjective_kayak_trip_short_1000,niqe,7.985,True,77
kayak_trip,nan,enc_res_sz265_mv_subjective_kayak_trip_short_2000,niqe,7.485,True,77
kayak_trip,nan,enc_res_sz265_mv_subjective_kayak_trip_short_4000,niqe,7.139,True,78
kayak_trip,nan,enc_res_t265_mv_subjective_kayak_trip_short_1000,niqe,8.411,True,74
kayak_trip,nan,enc_res_t265_mv_subjective_kayak_trip_short_2000,niqe,7.773,True,75
kayak_trip,nan,enc_res_t265_mv_subjective_kayak_trip_short_4000,niqe,7.326,True,76
kayak_trip,nan,enc_res_uc265_mv_subjective_kayak_trip_short_1000,niqe,8.102,True,76
kayak_trip,nan,enc_res_uc265_mv_subjective_kayak_trip_short_2000,niqe,7.654,True,77
kayak_trip,nan,enc_res_uc265_mv_subjective_kayak_trip_short_4000,niqe,7.266,True,77
kayak_trip,nan,enc_res_venc_mv_subjective_kayak_trip_short_1000,niqe,7.69,True,84
kayak_trip,nan,enc_res_venc_mv_subjective_kayak_trip_short_2000,niqe,7.586,True,90
kayak_trip,nan,enc_res_venc_mv_subjective_kayak_trip_short_4000,niqe,7.535,True,95
kayak_trip,nan,enc_res_vp9_mv_subjective_kayak_trip_short_1000,niqe,8.356,True,96
kayak_trip,nan,enc_res_vp9_mv_subjective_kayak_trip_short_2000,niqe,7.842,True,96
kayak_trip,nan,enc_res_vp9_mv_subjective_kayak_trip_short_4000,niqe,7.472,True,100
kayak_trip,nan,enc_res_x264_mv_subjective_kayak_trip_short_1000,niqe,9.737,True,93
kayak_trip,nan,enc_res_x264_mv_subjective_kayak_trip_short_2000,niqe,8.734,True,94
kayak_trip,nan,enc_res_x264_mv_subjective_kayak_trip_short_4000,niqe,7.912,True,94
kayak_trip,nan,enc_res_x265_mv_subjective_kayak_trip_short_1000,niqe,7.812,True,90
kayak_trip,nan,enc_res_x265_mv_subjective_kayak_trip_short_2000,niqe,7.381,True,78
kayak_trip,nan,enc_res_x265_mv_subjective_kayak_trip_short_4000,niqe,7.07,True,77
kayak_trip,nan,enc_res_xin265_mv_subjective_kayak_trip_short_1000,niqe,8.187,True,75
kayak_trip,nan,enc_res_xin265_mv_subjective_kayak_trip_short_2000,niqe,7.695,True,75
kayak_trip,nan,enc_res_xin265_mv_subjective_kayak_trip_short_4000,niqe,7.25,True,90
kayak_trip,nan,enc_res_xvc_mv_subjective_kayak_trip_short_1000,niqe,8.496,True,97
kayak_trip,nan,enc_res_xvc_mv_subjective_kayak_trip_short_2000,niqe,7.826,True,90
making_alcohol,making_alcohol_short_1920x1080_24.yuv,enc_res_bytedance_mv_subjective_making_alcohol_short_1000,psnr,43.186,True,8
making_alcohol,making_alcohol_short_1920x1080_24.yuv,enc_res_bytedance_mv_subjective_making_alcohol_short_2000,psnr,45.022,True,7
making_alcohol,making_alcohol_short_1920x1080_24.yuv,enc_res_bytedance_mv_subjective_making_alcohol_short_4000,psnr,46.405,True,8
kayak_trip,nan,enc_res_xvc_mv_subjective_kayak_trip_short_4000,niqe,7.234,True,80
making_alcohol,making_alcohol_short_1920x1080_24.yuv,enc_res_huawei_20190725_mv_subjective_making_alcohol_short_1000,psnr,43.048,True,5
making_alcohol,making_alcohol_short_1920x1080_24.yuv,enc_res_huawei_20190725_mv_subjective_making_alcohol_short_2000,psnr,44.736,True,4
making_alcohol,making_alcohol_short_1920x1080_24.yuv,enc_res_huawei_20190725_mv_subjective_making_alcohol_short_4000,psnr,45.925,True,4
making_alcohol,making_alcohol_short_1920x1080_24.yuv,enc_res_huawei_mv_subjective_making_alcohol_short_1000,psnr,43.665,True,4
making_alcohol,making_alcohol_short_1920x1080_24.yuv,enc_res_huawei_mv_subjective_making_alcohol_short_2000,psnr,45.645,True,5
making_alcohol,making_alcohol_short_1920x1080_24.yuv,enc_res_huawei_mv_subjective_making_alcohol_short_4000,psnr,46.95,True,5
making_alcohol,making_alcohol_short_1920x1080_24.yuv,enc_res_mainconcept_mv_subjective_making_alcohol_short_1000,psnr,43.841,True,4
making_alcohol,making_alcohol_short_1920x1080_24.yuv,enc_res_mainconcept_mv_subjective_making_alcohol_short_2000,psnr,45.793,True,5
making_alcohol,making_alcohol_short_1920x1080_24.yuv,enc_res_mainconcept_mv_subjective_making_alcohol_short_4000,psnr,47.091,True,5
making_alcohol,making_alcohol_short_1920x1080_24.yuv,enc_res_sif_mv_subjective_making_alcohol_short_1000,psnr,38.733,True,4
making_alcohol,making_alcohol_short_1920x1080_24.yuv,enc_res_sif_mv_subjective_making_alcohol_short_2000,psnr,41.631,True,5
making_alcohol,making_alcohol_short_1920x1080_24.yuv,enc_res_sif_mv_subjective_making_alcohol_short_4000,psnr,44.068,True,5
making_alcohol,making_alcohol_short_1920x1080_24.yuv,enc_res_sz265_mv_subjective_making_alcohol_short_1000,psnr,42.613,True,4
making_alcohol,making_alcohol_short_1920x1080_24.yuv,enc_res_sz265_mv_subjective_making_alcohol_short_2000,psnr,44.764,True,4
making_alcohol,making_alcohol_short_1920x1080_24.yuv,enc_res_sz265_mv_subjective_making_alcohol_short_4000,psnr,46.223,True,5
making_alcohol,making_alcohol_short_1920x1080_24.yuv,enc_res_t265_mv_subjective_making_alcohol_short_1000,psnr,43.715,True,4
making_alcohol,making_alcohol_short_1920x1080_24.yuv,enc_res_t265_mv_subjective_making_alcohol_short_2000,psnr,45.668,True,4
making_alcohol,making_alcohol_short_1920x1080_24.yuv,enc_res_t265_mv_subjective_making_alcohol_short_4000,psnr,46.888,True,5
making_alcohol,making_alcohol_short_1920x1080_24.yuv,enc_res_uc265_mv_subjective_making_alcohol_short_1000,psnr,43.254,True,4
making_alcohol,making_alcohol_short_1920x1080_24.yuv,enc_res_uc265_mv_subjective_making_alcohol_short_2000,psnr,45.345,True,5
making_alcohol,making_alcohol_short_1920x1080_24.yuv,enc_res_uc265_mv_subjective_making_alcohol_short_4000,psnr,46.644,True,5
making_alcohol,making_alcohol_short_1920x1080_24.yuv,enc_res_venc_mv_subjective_making_alcohol_short_1000,psnr,43.127,True,4
making_alcohol,making_alcohol_short_1920x1080_24.yuv,enc_res_venc_mv_subjective_making_alcohol_short_2000,psnr,44.2,True,5
making_alcohol,making_alcohol_short_1920x1080_24.yuv,enc_res_venc_mv_subjective_making_alcohol_short_4000,psnr,44.749,True,5
making_alcohol,making_alcohol_short_1920x1080_24.yuv,enc_res_vp9_mv_subjective_making_alcohol_short_1000,psnr,43.166,True,5
making_alcohol,making_alcohol_short_1920x1080_24.yuv,enc_res_vp9_mv_subjective_making_alcohol_short_2000,psnr,45.049,True,5
making_alcohol,making_alcohol_short_1920x1080_24.yuv,enc_res_vp9_mv_subjective_making_alcohol_short_4000,psnr,46.687,True,5
making_alcohol,making_alcohol_short_1920x1080_24.yuv,enc_res_x264_mv_subjective_making_alcohol_short_1000,psnr,39.932,True,4
making_alcohol,making_alcohol_short_1920x1080_24.yuv,enc_res_x264_mv_subjective_making_alcohol_short_2000,psnr,43.275,True,5
making_alcohol,making_alcohol_short_1920x1080_24.yuv,enc_res_x264_mv_subjective_making_alcohol_short_4000,psnr,45.501,True,5
making_alcohol,making_alcohol_short_1920x1080_24.yuv,enc_res_x265_mv_subjective_making_alcohol_short_1000,psnr,42.447,True,4
making_alcohol,making_alcohol_short_1920x1080_24.yuv,enc_res_x265_mv_subjective_making_alcohol_short_2000,psnr,44.399,True,4
making_alcohol,making_alcohol_short_1920x1080_24.yuv,enc_res_x265_mv_subjective_making_alcohol_short_4000,psnr,45.951,True,5
making_alcohol,making_alcohol_short_1920x1080_24.yuv,enc_res_xin265_mv_subjective_making_alcohol_short_1000,psnr,42.889,True,4
making_alcohol,making_alcohol_short_1920x1080_24.yuv,enc_res_xin265_mv_subjective_making_alcohol_short_2000,psnr,45.078,True,4
making_alcohol,making_alcohol_short_1920x1080_24.yuv,enc_res_xin265_mv_subjective_making_alcohol_short_4000,psnr,46.536,True,5
making_alcohol,making_alcohol_short_1920x1080_24.yuv,enc_res_xvc_mv_subjective_making_alcohol_short_1000,psnr,43.397,True,5
making_alcohol,making_alcohol_short_1920x1080_24.yuv,enc_res_xvc_mv_subjective_making_alcohol_short_2000,psnr,45.746,True,6
making_alcohol,making_alcohol_short_1920x1080_24.yuv,enc_res_xvc_mv_subjective_making_alcohol_short_4000,psnr,47.008,True,6
making_alcohol,making_alcohol_short_1920x1080_24.yuv,enc_res_bytedance_mv_subjective_making_alcohol_short_1000,ssim,0.956,True,4
making_alcohol,making_alcohol_short_1920x1080_24.yuv,enc_res_bytedance_mv_subjective_making_alcohol_short_2000,ssim,0.973,True,5
making_alcohol,making_alcohol_short_1920x1080_24.yuv,enc_res_bytedance_mv_subjective_making_alcohol_short_4000,ssim,0.981,True,5
making_alcohol,making_alcohol_short_1920x1080_24.yuv,enc_res_huawei_20190725_mv_subjective_making_alcohol_short_1000,ssim,0.96,True,4
making_alcohol,making_alcohol_short_1920x1080_24.yuv,enc_res_huawei_20190725_mv_subjective_making_alcohol_short_2000,ssim,0.973,True,5
making_alcohol,making_alcohol_short_1920x1080_24.yuv,enc_res_huawei_20190725_mv_subjective_making_alcohol_short_4000,ssim,0.98,True,5
making_alcohol,making_alcohol_short_1920x1080_24.yuv,enc_res_huawei_mv_subjective_making_alcohol_short_1000,ssim,0.966,True,5
making_alcohol,making_alcohol_short_1920x1080_24.yuv,enc_res_huawei_mv_subjective_making_alcohol_short_2000,ssim,0.979,True,5
making_alcohol,making_alcohol_short_1920x1080_24.yuv,enc_res_huawei_mv_subjective_making_alcohol_short_4000,ssim,0.985,True,6
making_alcohol,making_alcohol_short_1920x1080_24.yuv,enc_res_mainconcept_mv_subjective_making_alcohol_short_1000,ssim,0.964,True,5
making_alcohol,making_alcohol_short_1920x1080_24.yuv,enc_res_mainconcept_mv_subjective_making_alcohol_short_2000,ssim,0.978,True,5
making_alcohol,making_alcohol_short_1920x1080_24.yuv,enc_res_mainconcept_mv_subjective_making_alcohol_short_4000,ssim,0.985,True,5
making_alcohol,making_alcohol_short_1920x1080_24.yuv,enc_res_sif_mv_subjective_making_alcohol_short_1000,ssim,0.878,True,5
making_alcohol,making_alcohol_short_1920x1080_24.yuv,enc_res_sif_mv_subjective_making_alcohol_short_2000,ssim,0.938,True,5
making_alcohol,making_alcohol_short_1920x1080_24.yuv,enc_res_sif_mv_subjective_making_alcohol_short_4000,ssim,0.967,True,5
making_alcohol,making_alcohol_short_1920x1080_24.yuv,enc_res_sz265_mv_subjective_making_alcohol_short_1000,ssim,0.95,True,4
making_alcohol,making_alcohol_short_1920x1080_24.yuv,enc_res_sz265_mv_subjective_making_alcohol_short_2000,ssim,0.972,True,5
making_alcohol,making_alcohol_short_1920x1080_24.yuv,enc_res_sz265_mv_subjective_making_alcohol_short_4000,ssim,0.981,True,6
making_alcohol,making_alcohol_short_1920x1080_24.yuv,enc_res_t265_mv_subjective_making_alcohol_short_1000,ssim,0.965,True,4
making_alcohol,making_alcohol_short_1920x1080_24.yuv,enc_res_t265_mv_subjective_making_alcohol_short_2000,ssim,0.978,True,5
making_alcohol,making_alcohol_short_1920x1080_24.yuv,enc_res_t265_mv_subjective_making_alcohol_short_4000,ssim,0.984,True,6
making_alcohol,making_alcohol_short_1920x1080_24.yuv,enc_res_uc265_mv_subjective_making_alcohol_short_1000,ssim,0.958,True,5
making_alcohol,making_alcohol_short_1920x1080_24.yuv,enc_res_uc265_mv_subjective_making_alcohol_short_2000,ssim,0.975,True,6
making_alcohol,making_alcohol_short_1920x1080_24.yuv,enc_res_uc265_mv_subjective_making_alcohol_short_4000,ssim,0.983,True,6
making_alcohol,making_alcohol_short_1920x1080_24.yuv,enc_res_venc_mv_subjective_making_alcohol_short_1000,ssim,0.961,True,5
making_alcohol,making_alcohol_short_1920x1080_24.yuv,enc_res_venc_mv_subjective_making_alcohol_short_2000,ssim,0.972,True,5
making_alcohol,making_alcohol_short_1920x1080_24.yuv,enc_res_vp9_mv_subjective_making_alcohol_short_1000,ssim,0.958,True,6
making_alcohol,making_alcohol_short_1920x1080_24.yuv,enc_res_venc_mv_subjective_making_alcohol_short_4000,ssim,0.977,True,6
making_alcohol,making_alcohol_short_1920x1080_24.yuv,enc_res_vp9_mv_subjective_making_alcohol_short_2000,ssim,0.974,True,5
making_alcohol,making_alcohol_short_1920x1080_24.yuv,enc_res_vp9_mv_subjective_making_alcohol_short_4000,ssim,0.984,True,6
making_alcohol,making_alcohol_short_1920x1080_24.yuv,enc_res_x264_mv_subjective_making_alcohol_short_1000,ssim,0.915,True,5
making_alcohol,making_alcohol_short_1920x1080_24.yuv,enc_res_x264_mv_subjective_making_alcohol_short_2000,ssim,0.962,True,5
making_alcohol,making_alcohol_short_1920x1080_24.yuv,enc_res_x265_mv_subjective_making_alcohol_short_1000,ssim,0.95,True,5
making_alcohol,making_alcohol_short_1920x1080_24.yuv,enc_res_x264_mv_subjective_making_alcohol_short_4000,ssim,0.978,True,5
making_alcohol,making_alcohol_short_1920x1080_24.yuv,enc_res_x265_mv_subjective_making_alcohol_short_2000,ssim,0.967,True,5
making_alcohol,making_alcohol_short_1920x1080_24.yuv,enc_res_x265_mv_subjective_making_alcohol_short_4000,ssim,0.978,True,6
making_alcohol,making_alcohol_short_1920x1080_24.yuv,enc_res_xin265_mv_subjective_making_alcohol_short_1000,ssim,0.955,True,4
making_alcohol,making_alcohol_short_1920x1080_24.yuv,enc_res_xin265_mv_subjective_making_alcohol_short_2000,ssim,0.974,True,5
making_alcohol,making_alcohol_short_1920x1080_24.yuv,enc_res_xin265_mv_subjective_making_alcohol_short_4000,ssim,0.982,True,6
making_alcohol,making_alcohol_short_1920x1080_24.yuv,enc_res_xvc_mv_subjective_making_alcohol_short_1000,ssim,0.962,True,5
making_alcohol,making_alcohol_short_1920x1080_24.yuv,enc_res_xvc_mv_subjective_making_alcohol_short_2000,ssim,0.979,True,7
making_alcohol,making_alcohol_short_1920x1080_24.yuv,enc_res_xvc_mv_subjective_making_alcohol_short_4000,ssim,0.985,True,7
making_alcohol,making_alcohol_short_1920x1080_24.yuv,enc_res_bytedance_mv_subjective_making_alcohol_short_1000,vmaf,84.48,True,23
making_alcohol,making_alcohol_short_1920x1080_24.yuv,enc_res_bytedance_mv_subjective_making_alcohol_short_2000,vmaf,92.953,True,22
making_alcohol,making_alcohol_short_1920x1080_24.yuv,enc_res_huawei_20190725_mv_subjective_making_alcohol_short_1000,vmaf,83.654,True,22
making_alcohol,making_alcohol_short_1920x1080_24.yuv,enc_res_bytedance_mv_subjective_making_alcohol_short_4000,vmaf,97.465,True,22
making_alcohol,making_alcohol_short_1920x1080_24.yuv,enc_res_huawei_20190725_mv_subjective_making_alcohol_short_2000,vmaf,92.439,True,21
making_alcohol,making_alcohol_short_1920x1080_24.yuv,enc_res_huawei_20190725_mv_subjective_making_alcohol_short_4000,vmaf,97.027,True,21
making_alcohol,making_alcohol_short_1920x1080_24.yuv,enc_res_huawei_mv_subjective_making_alcohol_short_1000,vmaf,86.862,True,21
making_alcohol,making_alcohol_short_1920x1080_24.yuv,enc_res_huawei_mv_subjective_making_alcohol_short_2000,vmaf,95.779,True,21
making_alcohol,making_alcohol_short_1920x1080_24.yuv,enc_res_huawei_mv_subjective_making_alcohol_short_4000,vmaf,98.958,True,21
making_alcohol,making_alcohol_short_1920x1080_24.yuv,enc_res_mainconcept_mv_subjective_making_alcohol_short_1000,vmaf,88.831,True,22
making_alcohol,making_alcohol_short_1920x1080_24.yuv,enc_res_mainconcept_mv_subjective_making_alcohol_short_2000,vmaf,96.909,True,22
making_alcohol,making_alcohol_short_1920x1080_24.yuv,enc_res_mainconcept_mv_subjective_making_alcohol_short_4000,vmaf,99.281,True,22
making_alcohol,making_alcohol_short_1920x1080_24.yuv,enc_res_sif_mv_subjective_making_alcohol_short_1000,vmaf,56.052,True,22
making_alcohol,making_alcohol_short_1920x1080_24.yuv,enc_res_sif_mv_subjective_making_alcohol_short_2000,vmaf,78.616,True,22
making_alcohol,making_alcohol_short_1920x1080_24.yuv,enc_res_sif_mv_subjective_making_alcohol_short_4000,vmaf,92.624,True,22
making_alcohol,making_alcohol_short_1920x1080_24.yuv,enc_res_sz265_mv_subjective_making_alcohol_short_1000,vmaf,82.301,True,21
making_alcohol,making_alcohol_short_1920x1080_24.yuv,enc_res_sz265_mv_subjective_making_alcohol_short_4000,vmaf,97.58,True,21
making_alcohol,making_alcohol_short_1920x1080_24.yuv,enc_res_sz265_mv_subjective_making_alcohol_short_2000,vmaf,92.903,True,21
making_alcohol,making_alcohol_short_1920x1080_24.yuv,enc_res_t265_mv_subjective_making_alcohol_short_1000,vmaf,87.464,True,21
making_alcohol,making_alcohol_short_1920x1080_24.yuv,enc_res_t265_mv_subjective_making_alcohol_short_2000,vmaf,95.953,True,21
making_alcohol,making_alcohol_short_1920x1080_24.yuv,enc_res_t265_mv_subjective_making_alcohol_short_4000,vmaf,98.898,True,21
making_alcohol,making_alcohol_short_1920x1080_24.yuv,enc_res_uc265_mv_subjective_making_alcohol_short_1000,vmaf,85.062,True,21
making_alcohol,making_alcohol_short_1920x1080_24.yuv,enc_res_uc265_mv_subjective_making_alcohol_short_2000,vmaf,94.686,True,21
making_alcohol,making_alcohol_short_1920x1080_24.yuv,enc_res_uc265_mv_subjective_making_alcohol_short_4000,vmaf,98.24,True,21
making_alcohol,making_alcohol_short_1920x1080_24.yuv,enc_res_venc_mv_subjective_making_alcohol_short_1000,vmaf,92.852,True,21
making_alcohol,making_alcohol_short_1920x1080_24.yuv,enc_res_venc_mv_subjective_making_alcohol_short_2000,vmaf,99.184,True,21
making_alcohol,making_alcohol_short_1920x1080_24.yuv,enc_res_venc_mv_subjective_making_alcohol_short_4000,vmaf,99.988,True,21
making_alcohol,making_alcohol_short_1920x1080_24.yuv,enc_res_vp9_mv_subjective_making_alcohol_short_1000,vmaf,85.294,True,21
making_alcohol,making_alcohol_short_1920x1080_24.yuv,enc_res_vp9_mv_subjective_making_alcohol_short_2000,vmaf,94.023,True,21
making_alcohol,making_alcohol_short_1920x1080_24.yuv,enc_res_vp9_mv_subjective_making_alcohol_short_4000,vmaf,99.034,True,21
making_alcohol,making_alcohol_short_1920x1080_24.yuv,enc_res_x264_mv_subjective_making_alcohol_short_2000,vmaf,85.742,True,18
making_alcohol,making_alcohol_short_1920x1080_24.yuv,enc_res_x264_mv_subjective_making_alcohol_short_1000,vmaf,62.831,True,18
making_alcohol,making_alcohol_short_1920x1080_24.yuv,enc_res_x265_mv_subjective_making_alcohol_short_1000,vmaf,81.324,True,15
making_alcohol,making_alcohol_short_1920x1080_24.yuv,enc_res_x264_mv_subjective_making_alcohol_short_4000,vmaf,96.21,True,16
making_alcohol,making_alcohol_short_1920x1080_24.yuv,enc_res_x265_mv_subjective_making_alcohol_short_2000,vmaf,91.445,True,17
making_alcohol,making_alcohol_short_1920x1080_24.yuv,enc_res_x265_mv_subjective_making_alcohol_short_4000,vmaf,96.55,True,17
making_alcohol,making_alcohol_short_1920x1080_24.yuv,enc_res_xin265_mv_subjective_making_alcohol_short_1000,vmaf,83.257,True,15
making_alcohol,making_alcohol_short_1920x1080_24.yuv,enc_res_xin265_mv_subjective_making_alcohol_short_2000,vmaf,93.722,True,15
making_alcohol,making_alcohol_short_1920x1080_24.yuv,enc_res_xin265_mv_subjective_making_alcohol_short_4000,vmaf,98.228,True,16
making_alcohol,making_alcohol_short_1920x1080_24.yuv,enc_res_xvc_mv_subjective_making_alcohol_short_1000,vmaf,85.893,True,16
making_alcohol,making_alcohol_short_1920x1080_24.yuv,enc_res_xvc_mv_subjective_making_alcohol_short_4000,vmaf,99.21,True,17
making_alcohol,making_alcohol_short_1920x1080_24.yuv,enc_res_xvc_mv_subjective_making_alcohol_short_2000,vmaf,96.528,True,17
making_alcohol,nan,enc_res_bytedance_mv_subjective_making_alcohol_short_2000,niqe,8.083,True,13
making_alcohol,nan,enc_res_bytedance_mv_subjective_making_alcohol_short_1000,niqe,8.344,True,13
making_alcohol,nan,enc_res_huawei_20190725_mv_subjective_making_alcohol_short_1000,niqe,8.414,True,13
making_alcohol,nan,enc_res_bytedance_mv_subjective_making_alcohol_short_4000,niqe,7.848,True,13
making_alcohol,nan,enc_res_huawei_20190725_mv_subjective_making_alcohol_short_2000,niqe,8.125,True,13
making_alcohol,nan,enc_res_huawei_20190725_mv_subjective_making_alcohol_short_4000,niqe,8.029,True,13
making_alcohol,nan,enc_res_huawei_mv_subjective_making_alcohol_short_1000,niqe,8.263,True,13
making_alcohol,nan,enc_res_huawei_mv_subjective_making_alcohol_short_2000,niqe,8.015,True,13
making_alcohol,nan,enc_res_huawei_mv_subjective_making_alcohol_short_4000,niqe,7.858,True,13
making_alcohol,nan,enc_res_mainconcept_mv_subjective_making_alcohol_short_1000,niqe,8.246,True,13
making_alcohol,nan,enc_res_mainconcept_mv_subjective_making_alcohol_short_2000,niqe,8.003,True,13
making_alcohol,nan,enc_res_mainconcept_mv_subjective_making_alcohol_short_4000,niqe,7.838,True,13
making_alcohol,nan,enc_res_sif_mv_subjective_making_alcohol_short_2000,niqe,8.742,True,13
making_alcohol,nan,enc_res_sif_mv_subjective_making_alcohol_short_1000,niqe,9.691,True,13
making_alcohol,nan,enc_res_sif_mv_subjective_making_alcohol_short_4000,niqe,8.127,True,13
making_alcohol,nan,enc_res_sz265_mv_subjective_making_alcohol_short_1000,niqe,8.335,True,13
making_alcohol,nan,enc_res_sz265_mv_subjective_making_alcohol_short_2000,niqe,8.029,True,13
making_alcohol,nan,enc_res_sz265_mv_subjective_making_alcohol_short_4000,niqe,7.836,True,13
making_alcohol,nan,enc_res_t265_mv_subjective_making_alcohol_short_1000,niqe,8.318,True,13
making_alcohol,nan,enc_res_t265_mv_subjective_making_alcohol_short_2000,niqe,8.047,True,13
making_alcohol,nan,enc_res_t265_mv_subjective_making_alcohol_short_4000,niqe,7.868,True,13
making_alcohol,nan,enc_res_uc265_mv_subjective_making_alcohol_short_1000,niqe,8.375,True,13
making_alcohol,nan,enc_res_uc265_mv_subjective_making_alcohol_short_2000,niqe,8.116,True,13
making_alcohol,nan,enc_res_uc265_mv_subjective_making_alcohol_short_4000,niqe,7.936,True,13
making_alcohol,nan,enc_res_venc_mv_subjective_making_alcohol_short_2000,niqe,7.849,True,14
making_alcohol,nan,enc_res_venc_mv_subjective_making_alcohol_short_1000,niqe,8.12,True,15
making_alcohol,nan,enc_res_venc_mv_subjective_making_alcohol_short_4000,niqe,7.686,True,16
making_alcohol,nan,enc_res_vp9_mv_subjective_making_alcohol_short_1000,niqe,8.408,True,16
making_alcohol,nan,enc_res_vp9_mv_subjective_making_alcohol_short_2000,niqe,8.228,True,16
making_alcohol,nan,enc_res_vp9_mv_subjective_making_alcohol_short_4000,niqe,8.094,True,16
making_alcohol,nan,enc_res_x264_mv_subjective_making_alcohol_short_1000,niqe,8.973,True,16
making_alcohol,nan,enc_res_x264_mv_subjective_making_alcohol_short_2000,niqe,8.425,True,16
making_alcohol,nan,enc_res_x264_mv_subjective_making_alcohol_short_4000,niqe,8.014,True,15
making_alcohol,nan,enc_res_x265_mv_subjective_making_alcohol_short_1000,niqe,8.326,True,15
making_alcohol,nan,enc_res_x265_mv_subjective_making_alcohol_short_2000,niqe,8.146,True,16
making_alcohol,nan,enc_res_x265_mv_subjective_making_alcohol_short_4000,niqe,7.911,True,16
making_alcohol,nan,enc_res_xin265_mv_subjective_making_alcohol_short_2000,niqe,8.085,True,15
making_alcohol,nan,enc_res_xin265_mv_subjective_making_alcohol_short_1000,niqe,8.416,True,15
making_alcohol,nan,enc_res_xvc_mv_subjective_making_alcohol_short_1000,niqe,8.374,True,16
making_alcohol,nan,enc_res_xin265_mv_subjective_making_alcohol_short_4000,niqe,7.947,True,16
making_alcohol,nan,enc_res_xvc_mv_subjective_making_alcohol_short_4000,niqe,7.808,True,16
making_alcohol,nan,enc_res_xvc_mv_subjective_making_alcohol_short_2000,niqe,7.991,True,16
tractor,tractor_short_1920x1080_25.yuv,enc_res_bytedance_mv_subjective_tractor_short_2000,psnr,42.617,True,12
tractor,tractor_short_1920x1080_25.yuv,enc_res_bytedance_mv_subjective_tractor_short_1000,psnr,40.182,True,12
tractor,tractor_short_1920x1080_25.yuv,enc_res_huawei_20190725_mv_subjective_tractor_short_1000,psnr,40.813,True,6
tractor,tractor_short_1920x1080_25.yuv,enc_res_bytedance_mv_subjective_tractor_short_4000,psnr,44.51,True,6
tractor,tractor_short_1920x1080_25.yuv,enc_res_huawei_20190725_mv_subjective_tractor_short_2000,psnr,42.401,True,6
tractor,tractor_short_1920x1080_25.yuv,enc_res_huawei_20190725_mv_subjective_tractor_short_4000,psnr,43.712,True,6
tractor,tractor_short_1920x1080_25.yuv,enc_res_huawei_mv_subjective_tractor_short_1000,psnr,41.019,True,6
tractor,tractor_short_1920x1080_25.yuv,enc_res_huawei_mv_subjective_tractor_short_2000,psnr,43.039,True,6
tractor,tractor_short_1920x1080_25.yuv,enc_res_huawei_mv_subjective_tractor_short_4000,psnr,44.541,True,6
tractor,tractor_short_1920x1080_25.yuv,enc_res_mainconcept_mv_subjective_tractor_short_1000,psnr,41.457,True,5
tractor,tractor_short_1920x1080_25.yuv,enc_res_mainconcept_mv_subjective_tractor_short_2000,psnr,43.342,True,6
tractor,tractor_short_1920x1080_25.yuv,enc_res_mainconcept_mv_subjective_tractor_short_4000,psnr,44.832,True,6
tractor,tractor_short_1920x1080_25.yuv,enc_res_sif_mv_subjective_tractor_short_1000,psnr,38.288,True,6
tractor,tractor_short_1920x1080_25.yuv,enc_res_sif_mv_subjective_tractor_short_2000,psnr,40.798,True,7
tractor,tractor_short_1920x1080_25.yuv,enc_res_sz265_mv_subjective_tractor_short_1000,psnr,40.688,True,5
tractor,tractor_short_1920x1080_25.yuv,enc_res_sif_mv_subjective_tractor_short_4000,psnr,42.802,True,7
tractor,tractor_short_1920x1080_25.yuv,enc_res_sz265_mv_subjective_tractor_short_2000,psnr,42.94,True,6
tractor,tractor_short_1920x1080_25.yuv,enc_res_sz265_mv_subjective_tractor_short_4000,psnr,44.628,True,6
tractor,tractor_short_1920x1080_25.yuv,enc_res_t265_mv_subjective_tractor_short_1000,psnr,41.298,True,5
tractor,tractor_short_1920x1080_25.yuv,enc_res_t265_mv_subjective_tractor_short_2000,psnr,43.302,True,6
tractor,tractor_short_1920x1080_25.yuv,enc_res_t265_mv_subjective_tractor_short_4000,psnr,44.789,True,6
tractor,tractor_short_1920x1080_25.yuv,enc_res_uc265_mv_subjective_tractor_short_1000,psnr,40.347,True,5
tractor,tractor_short_1920x1080_25.yuv,enc_res_uc265_mv_subjective_tractor_short_2000,psnr,42.516,True,6
tractor,tractor_short_1920x1080_25.yuv,enc_res_uc265_mv_subjective_tractor_short_4000,psnr,44.32,True,6
tractor,tractor_short_1920x1080_25.yuv,enc_res_venc_mv_subjective_tractor_short_1000,psnr,40.927,True,5
tractor,tractor_short_1920x1080_25.yuv,enc_res_venc_mv_subjective_tractor_short_2000,psnr,42.632,True,6
tractor,tractor_short_1920x1080_25.yuv,enc_res_venc_mv_subjective_tractor_short_4000,psnr,43.705,True,6
tractor,tractor_short_1920x1080_25.yuv,enc_res_vp9_mv_subjective_tractor_short_1000,psnr,41.671,True,6
tractor,tractor_short_1920x1080_25.yuv,enc_res_vp9_mv_subjective_tractor_short_2000,psnr,43.614,True,5
tractor,tractor_short_1920x1080_25.yuv,enc_res_vp9_mv_subjective_tractor_short_4000,psnr,45.094,True,7
tractor,tractor_short_1920x1080_25.yuv,enc_res_x264_mv_subjective_tractor_short_1000,psnr,38.843,True,6
tractor,tractor_short_1920x1080_25.yuv,enc_res_x264_mv_subjective_tractor_short_2000,psnr,41.849,True,6
tractor,tractor_short_1920x1080_25.yuv,enc_res_x264_mv_subjective_tractor_short_4000,psnr,43.832,True,6
tractor,tractor_short_1920x1080_25.yuv,enc_res_x265_mv_subjective_tractor_short_1000,psnr,40.502,True,5
tractor,tractor_short_1920x1080_25.yuv,enc_res_x265_mv_subjective_tractor_short_2000,psnr,42.737,True,6
tractor,tractor_short_1920x1080_25.yuv,enc_res_x265_mv_subjective_tractor_short_4000,psnr,44.533,True,6
tractor,tractor_short_1920x1080_25.yuv,enc_res_xin265_mv_subjective_tractor_short_1000,psnr,40.0,True,5
tractor,tractor_short_1920x1080_25.yuv,enc_res_xin265_mv_subjective_tractor_short_2000,psnr,42.421,True,6
tractor,tractor_short_1920x1080_25.yuv,enc_res_xin265_mv_subjective_tractor_short_4000,psnr,44.432,True,6
tractor,tractor_short_1920x1080_25.yuv,enc_res_xvc_mv_subjective_tractor_short_1000,psnr,41.017,True,6
tractor,tractor_short_1920x1080_25.yuv,enc_res_xvc_mv_subjective_tractor_short_2000,psnr,43.044,True,6
tractor,tractor_short_1920x1080_25.yuv,enc_res_xvc_mv_subjective_tractor_short_4000,psnr,44.568,True,7
tractor,tractor_short_1920x1080_25.yuv,enc_res_bytedance_mv_subjective_tractor_short_1000,ssim,0.922,True,5
tractor,tractor_short_1920x1080_25.yuv,enc_res_bytedance_mv_subjective_tractor_short_2000,ssim,0.952,True,6
tractor,tractor_short_1920x1080_25.yuv,enc_res_bytedance_mv_subjective_tractor_short_4000,ssim,0.968,True,7
tractor,tractor_short_1920x1080_25.yuv,enc_res_huawei_20190725_mv_subjective_tractor_short_1000,ssim,0.932,True,6
tractor,tractor_short_1920x1080_25.yuv,enc_res_huawei_20190725_mv_subjective_tractor_short_2000,ssim,0.951,True,5
tractor,tractor_short_1920x1080_25.yuv,enc_res_huawei_20190725_mv_subjective_tractor_short_4000,ssim,0.963,True,5
tractor,tractor_short_1920x1080_25.yuv,enc_res_huawei_mv_subjective_tractor_short_1000,ssim,0.935,True,5
tractor,tractor_short_1920x1080_25.yuv,enc_res_huawei_mv_subjective_tractor_short_2000,ssim,0.957,True,5
tractor,tractor_short_1920x1080_25.yuv,enc_res_huawei_mv_subjective_tractor_short_4000,ssim,0.969,True,5
tractor,tractor_short_1920x1080_25.yuv,enc_res_mainconcept_mv_subjective_tractor_short_1000,ssim,0.936,True,4
tractor,tractor_short_1920x1080_25.yuv,enc_res_mainconcept_mv_subjective_tractor_short_2000,ssim,0.957,True,5
tractor,tractor_short_1920x1080_25.yuv,enc_res_mainconcept_mv_subjective_tractor_short_4000,ssim,0.969,True,5
tractor,tractor_short_1920x1080_25.yuv,enc_res_sif_mv_subjective_tractor_short_1000,ssim,0.871,True,6
tractor,tractor_short_1920x1080_25.yuv,enc_res_sif_mv_subjective_tractor_short_2000,ssim,0.922,True,6
tractor,tractor_short_1920x1080_25.yuv,enc_res_sif_mv_subjective_tractor_short_4000,ssim,0.95,True,6
tractor,tractor_short_1920x1080_25.yuv,enc_res_sz265_mv_subjective_tractor_short_1000,ssim,0.927,True,4
tractor,tractor_short_1920x1080_25.yuv,enc_res_sz265_mv_subjective_tractor_short_2000,ssim,0.954,True,5
tractor,tractor_short_1920x1080_25.yuv,enc_res_sz265_mv_subjective_tractor_short_4000,ssim,0.968,True,5
tractor,tractor_short_1920x1080_25.yuv,enc_res_t265_mv_subjective_tractor_short_1000,ssim,0.934,True,4
tractor,tractor_short_1920x1080_25.yuv,enc_res_t265_mv_subjective_tractor_short_2000,ssim,0.957,True,5
tractor,tractor_short_1920x1080_25.yuv,enc_res_t265_mv_subjective_tractor_short_4000,ssim,0.969,True,5
tractor,tractor_short_1920x1080_25.yuv,enc_res_uc265_mv_subjective_tractor_short_1000,ssim,0.923,True,4
tractor,tractor_short_1920x1080_25.yuv,enc_res_uc265_mv_subjective_tractor_short_2000,ssim,0.95,True,5
tractor,tractor_short_1920x1080_25.yuv,enc_res_uc265_mv_subjective_tractor_short_4000,ssim,0.966,True,5
tractor,tractor_short_1920x1080_25.yuv,enc_res_venc_mv_subjective_tractor_short_1000,ssim,0.931,True,5
tractor,tractor_short_1920x1080_25.yuv,enc_res_venc_mv_subjective_tractor_short_2000,ssim,0.953,True,5
tractor,tractor_short_1920x1080_25.yuv,enc_res_venc_mv_subjective_tractor_short_4000,ssim,0.965,True,5
tractor,tractor_short_1920x1080_25.yuv,enc_res_vp9_mv_subjective_tractor_short_1000,ssim,0.939,True,5
tractor,tractor_short_1920x1080_25.yuv,enc_res_vp9_mv_subjective_tractor_short_2000,ssim,0.96,True,5
tractor,tractor_short_1920x1080_25.yuv,enc_res_vp9_mv_subjective_tractor_short_4000,ssim,0.971,True,5
tractor,tractor_short_1920x1080_25.yuv,enc_res_x264_mv_subjective_tractor_short_1000,ssim,0.891,True,5
tractor,tractor_short_1920x1080_25.yuv,enc_res_x264_mv_subjective_tractor_short_2000,ssim,0.941,True,5
tractor,tractor_short_1920x1080_25.yuv,enc_res_x264_mv_subjective_tractor_short_4000,ssim,0.962,True,5
tractor,tractor_short_1920x1080_25.yuv,enc_res_x265_mv_subjective_tractor_short_1000,ssim,0.922,True,4
tractor,tractor_short_1920x1080_25.yuv,enc_res_x265_mv_subjective_tractor_short_2000,ssim,0.951,True,5
tractor,tractor_short_1920x1080_25.yuv,enc_res_x265_mv_subjective_tractor_short_4000,ssim,0.967,True,5
tractor,tractor_short_1920x1080_25.yuv,enc_res_xin265_mv_subjective_tractor_short_1000,ssim,0.914,True,4
tractor,tractor_short_1920x1080_25.yuv,enc_res_xin265_mv_subjective_tractor_short_2000,ssim,0.948,True,5
tractor,tractor_short_1920x1080_25.yuv,enc_res_xin265_mv_subjective_tractor_short_4000,ssim,0.966,True,5
tractor,tractor_short_1920x1080_25.yuv,enc_res_xvc_mv_subjective_tractor_short_1000,ssim,0.936,True,5
tractor,tractor_short_1920x1080_25.yuv,enc_res_xvc_mv_subjective_tractor_short_2000,ssim,0.957,True,6
tractor,tractor_short_1920x1080_25.yuv,enc_res_xvc_mv_subjective_tractor_short_4000,ssim,0.969,True,6
tractor,tractor_short_1920x1080_25.yuv,enc_res_bytedance_mv_subjective_tractor_short_1000,vmaf,78.519,True,20
tractor,tractor_short_1920x1080_25.yuv,enc_res_bytedance_mv_subjective_tractor_short_2000,vmaf,93.127,True,19
tractor,tractor_short_1920x1080_25.yuv,enc_res_huawei_20190725_mv_subjective_tractor_short_1000,vmaf,82.261,True,17
tractor,tractor_short_1920x1080_25.yuv,enc_res_bytedance_mv_subjective_tractor_short_4000,vmaf,99.705,True,17
tractor,tractor_short_1920x1080_25.yuv,enc_res_huawei_20190725_mv_subjective_tractor_short_4000,vmaf,98.38,True,16
tractor,tractor_short_1920x1080_25.yuv,enc_res_huawei_20190725_mv_subjective_tractor_short_2000,vmaf,92.302,True,17
tractor,tractor_short_1920x1080_25.yuv,enc_res_huawei_mv_subjective_tractor_short_1000,vmaf,83.756,True,17
tractor,tractor_short_1920x1080_25.yuv,enc_res_huawei_mv_subjective_tractor_short_2000,vmaf,95.266,True,17
tractor,tractor_short_1920x1080_25.yuv,enc_res_huawei_mv_subjective_tractor_short_4000,vmaf,99.91,True,16
tractor,tractor_short_1920x1080_25.yuv,enc_res_mainconcept_mv_subjective_tractor_short_1000,vmaf,86.81,True,16
tractor,tractor_short_1920x1080_25.yuv,enc_res_mainconcept_mv_subjective_tractor_short_2000,vmaf,97.415,True,16
tractor,tractor_short_1920x1080_25.yuv,enc_res_mainconcept_mv_subjective_tractor_short_4000,vmaf,99.944,True,17
tractor,tractor_short_1920x1080_25.yuv,enc_res_sif_mv_subjective_tractor_short_1000,vmaf,67.747,True,17
tractor,tractor_short_1920x1080_25.yuv,enc_res_sif_mv_subjective_tractor_short_2000,vmaf,85.942,True,17
tractor,tractor_short_1920x1080_25.yuv,enc_res_sif_mv_subjective_tractor_short_4000,vmaf,97.956,True,17
tractor,tractor_short_1920x1080_25.yuv,enc_res_sz265_mv_subjective_tractor_short_1000,vmaf,82.236,True,17
tractor,tractor_short_1920x1080_25.yuv,enc_res_sz265_mv_subjective_tractor_short_2000,vmaf,95.18,True,16
tractor,tractor_short_1920x1080_25.yuv,enc_res_sz265_mv_subjective_tractor_short_4000,vmaf,99.742,True,17
tractor,tractor_short_1920x1080_25.yuv,enc_res_t265_mv_subjective_tractor_short_1000,vmaf,85.674,True,17
tractor,tractor_short_1920x1080_25.yuv,enc_res_t265_mv_subjective_tractor_short_2000,vmaf,97.162,True,16
tractor,tractor_short_1920x1080_25.yuv,enc_res_t265_mv_subjective_tractor_short_4000,vmaf,99.954,True,17
tractor,tractor_short_1920x1080_25.yuv,enc_res_uc265_mv_subjective_tractor_short_1000,vmaf,78.947,True,16
tractor,tractor_short_1920x1080_25.yuv,enc_res_uc265_mv_subjective_tractor_short_2000,vmaf,92.386,True,20
tractor,tractor_short_1920x1080_25.yuv,enc_res_uc265_mv_subjective_tractor_short_4000,vmaf,99.614,True,20
tractor,tractor_short_1920x1080_25.yuv,enc_res_venc_mv_subjective_tractor_short_1000,vmaf,88.594,True,22
tractor,tractor_short_1920x1080_25.yuv,enc_res_venc_mv_subjective_tractor_short_2000,vmaf,99.516,True,21
tractor,tractor_short_1920x1080_25.yuv,enc_res_vp9_mv_subjective_tractor_short_1000,vmaf,88.235,True,16
tractor,tractor_short_1920x1080_25.yuv,enc_res_venc_mv_subjective_tractor_short_4000,vmaf,99.996,True,17
tractor,tractor_short_1920x1080_25.yuv,enc_res_vp9_mv_subjective_tractor_short_2000,vmaf,98.195,True,17
tractor,tractor_short_1920x1080_25.yuv,enc_res_vp9_mv_subjective_tractor_short_4000,vmaf,99.956,True,18
tractor,tractor_short_1920x1080_25.yuv,enc_res_x264_mv_subjective_tractor_short_1000,vmaf,69.492,True,17
tractor,tractor_short_1920x1080_25.yuv,enc_res_x264_mv_subjective_tractor_short_2000,vmaf,90.374,True,17
tractor,tractor_short_1920x1080_25.yuv,enc_res_x264_mv_subjective_tractor_short_4000,vmaf,99.529,True,16
tractor,tractor_short_1920x1080_25.yuv,enc_res_x265_mv_subjective_tractor_short_1000,vmaf,80.895,True,16
tractor,tractor_short_1920x1080_25.yuv,enc_res_x265_mv_subjective_tractor_short_2000,vmaf,94.524,True,17
tractor,tractor_short_1920x1080_25.yuv,enc_res_x265_mv_subjective_tractor_short_4000,vmaf,99.633,True,17
tractor,tractor_short_1920x1080_25.yuv,enc_res_xin265_mv_subjective_tractor_short_1000,vmaf,76.596,True,16
tractor,tractor_short_1920x1080_25.yuv,enc_res_xin265_mv_subjective_tractor_short_2000,vmaf,91.722,True,16
tractor,tractor_short_1920x1080_25.yuv,enc_res_xvc_mv_subjective_tractor_short_1000,vmaf,82.884,True,17
tractor,tractor_short_1920x1080_25.yuv,enc_res_xin265_mv_subjective_tractor_short_4000,vmaf,99.654,True,18
tractor,tractor_short_1920x1080_25.yuv,enc_res_xvc_mv_subjective_tractor_short_2000,vmaf,94.952,True,17
tractor,tractor_short_1920x1080_25.yuv,enc_res_xvc_mv_subjective_tractor_short_4000,vmaf,99.938,True,17
tractor,nan,enc_res_bytedance_mv_subjective_tractor_short_2000,niqe,7.973,True,13
tractor,nan,enc_res_bytedance_mv_subjective_tractor_short_1000,niqe,8.292,True,14
tractor,nan,enc_res_huawei_20190725_mv_subjective_tractor_short_1000,niqe,8.367,True,13
tractor,nan,enc_res_bytedance_mv_subjective_tractor_short_4000,niqe,7.845,True,13
tractor,nan,enc_res_huawei_20190725_mv_subjective_tractor_short_2000,niqe,8.053,True,13
tractor,nan,enc_res_huawei_20190725_mv_subjective_tractor_short_4000,niqe,7.957,True,13
tractor,nan,enc_res_huawei_mv_subjective_tractor_short_1000,niqe,8.313,True,13
tractor,nan,enc_res_huawei_mv_subjective_tractor_short_2000,niqe,8.013,True,13
tractor,nan,enc_res_mainconcept_mv_subjective_tractor_short_1000,niqe,8.16,True,13
tractor,nan,enc_res_huawei_mv_subjective_tractor_short_4000,niqe,7.903,True,13
tractor,nan,enc_res_mainconcept_mv_subjective_tractor_short_2000,niqe,8.035,True,13
tractor,nan,enc_res_mainconcept_mv_subjective_tractor_short_4000,niqe,7.978,True,13
tractor,nan,enc_res_sif_mv_subjective_tractor_short_1000,niqe,8.806,True,13
tractor,nan,enc_res_sif_mv_subjective_tractor_short_2000,niqe,8.247,True,13
tractor,nan,enc_res_sif_mv_subjective_tractor_short_4000,niqe,7.832,True,13
tractor,nan,enc_res_sz265_mv_subjective_tractor_short_1000,niqe,8.32,True,13
tractor,nan,enc_res_sz265_mv_subjective_tractor_short_2000,niqe,8.008,True,13
tractor,nan,enc_res_sz265_mv_subjective_tractor_short_4000,niqe,7.848,True,13
tractor,nan,enc_res_t265_mv_subjective_tractor_short_2000,niqe,8.058,True,13
tractor,nan,enc_res_t265_mv_subjective_tractor_short_1000,niqe,8.372,True,13
tractor,nan,enc_res_t265_mv_subjective_tractor_short_4000,niqe,7.907,True,14
tractor,nan,enc_res_uc265_mv_subjective_tractor_short_1000,niqe,8.385,True,14
tractor,nan,enc_res_uc265_mv_subjective_tractor_short_2000,niqe,8.116,True,13
tractor,nan,enc_res_uc265_mv_subjective_tractor_short_4000,niqe,7.922,True,13
tractor,nan,enc_res_venc_mv_subjective_tractor_short_1000,niqe,7.932,True,13
tractor,nan,enc_res_venc_mv_subjective_tractor_short_2000,niqe,7.841,True,13
tractor,nan,enc_res_vp9_mv_subjective_tractor_short_1000,niqe,8.175,True,14
tractor,nan,enc_res_venc_mv_subjective_tractor_short_4000,niqe,7.774,True,14
tractor,nan,enc_res_vp9_mv_subjective_tractor_short_2000,niqe,8.023,True,14
tractor,nan,enc_res_vp9_mv_subjective_tractor_short_4000,niqe,8.013,True,14
tractor,nan,enc_res_x264_mv_subjective_tractor_short_1000,niqe,8.744,True,14
tractor,nan,enc_res_x264_mv_subjective_tractor_short_2000,niqe,8.382,True,14
tractor,nan,enc_res_x264_mv_subjective_tractor_short_4000,niqe,8.133,True,14
tractor,nan,enc_res_x265_mv_subjective_tractor_short_1000,niqe,8.188,True,14
tractor,nan,enc_res_x265_mv_subjective_tractor_short_2000,niqe,7.962,True,13
tractor,nan,enc_res_x265_mv_subjective_tractor_short_4000,niqe,7.848,True,14
tractor,nan,enc_res_xin265_mv_subjective_tractor_short_1000,niqe,8.424,True,14
tractor,nan,enc_res_xin265_mv_subjective_tractor_short_2000,niqe,8.073,True,14
tractor,nan,enc_res_xin265_mv_subjective_tractor_short_4000,niqe,7.883,True,14
tractor,nan,enc_res_xvc_mv_subjective_tractor_short_1000,niqe,8.351,True,14
tractor,nan,enc_res_xvc_mv_subjective_tractor_short_2000,niqe,8.124,True,14
tractor,nan,enc_res_xvc_mv_subjective_tractor_short_4000,niqe,7.945,True,14
wedding_party,wedding_party_short_1920x1080_24.yuv,enc_res_bytedance_mv_subjective_wedding_party_short_2000,psnr,44.275,True,31
wedding_party,wedding_party_short_1920x1080_24.yuv,enc_res_bytedance_mv_subjective_wedding_party_short_1000,psnr,41.572,True,31
wedding_party,wedding_party_short_1920x1080_24.yuv,enc_res_huawei_20190725_mv_subjective_wedding_party_short_1000,psnr,42.09,True,12
wedding_party,wedding_party_short_1920x1080_24.yuv,enc_res_bytedance_mv_subjective_wedding_party_short_4000,psnr,46.352,True,13
wedding_party,wedding_party_short_1920x1080_24.yuv,enc_res_huawei_20190725_mv_subjective_wedding_party_short_2000,psnr,44.201,True,12
wedding_party,wedding_party_short_1920x1080_24.yuv,enc_res_huawei_20190725_mv_subjective_wedding_party_short_4000,psnr,45.773,True,12
wedding_party,wedding_party_short_1920x1080_24.yuv,enc_res_huawei_mv_subjective_wedding_party_short_1000,psnr,42.085,True,12
wedding_party,wedding_party_short_1920x1080_24.yuv,enc_res_huawei_mv_subjective_wedding_party_short_2000,psnr,44.848,True,12
wedding_party,wedding_party_short_1920x1080_24.yuv,enc_res_huawei_mv_subjective_wedding_party_short_4000,psnr,46.69,True,13
wedding_party,wedding_party_short_1920x1080_24.yuv,enc_res_mainconcept_mv_subjective_wedding_party_short_1000,psnr,42.214,True,11
wedding_party,wedding_party_short_1920x1080_24.yuv,enc_res_mainconcept_mv_subjective_wedding_party_short_2000,psnr,44.843,True,12
wedding_party,wedding_party_short_1920x1080_24.yuv,enc_res_mainconcept_mv_subjective_wedding_party_short_4000,psnr,46.72,True,12
wedding_party,wedding_party_short_1920x1080_24.yuv,enc_res_sif_mv_subjective_wedding_party_short_1000,psnr,38.33,True,13
wedding_party,wedding_party_short_1920x1080_24.yuv,enc_res_sif_mv_subjective_wedding_party_short_2000,psnr,41.068,True,13
wedding_party,wedding_party_short_1920x1080_24.yuv,enc_res_sz265_mv_subjective_wedding_party_short_1000,psnr,42.428,True,12
wedding_party,wedding_party_short_1920x1080_24.yuv,enc_res_sif_mv_subjective_wedding_party_short_4000,psnr,43.594,True,13
wedding_party,wedding_party_short_1920x1080_24.yuv,enc_res_sz265_mv_subjective_wedding_party_short_2000,psnr,45.0,True,13
wedding_party,wedding_party_short_1920x1080_24.yuv,enc_res_sz265_mv_subjective_wedding_party_short_4000,psnr,46.811,True,12
wedding_party,wedding_party_short_1920x1080_24.yuv,enc_res_t265_mv_subjective_wedding_party_short_1000,psnr,41.977,True,11
wedding_party,wedding_party_short_1920x1080_24.yuv,enc_res_t265_mv_subjective_wedding_party_short_2000,psnr,44.74,True,12
wedding_party,wedding_party_short_1920x1080_24.yuv,enc_res_uc265_mv_subjective_wedding_party_short_1000,psnr,41.659,True,11
wedding_party,wedding_party_short_1920x1080_24.yuv,enc_res_t265_mv_subjective_wedding_party_short_4000,psnr,46.649,True,13
wedding_party,wedding_party_short_1920x1080_24.yuv,enc_res_uc265_mv_subjective_wedding_party_short_2000,psnr,44.449,True,12
wedding_party,wedding_party_short_1920x1080_24.yuv,enc_res_uc265_mv_subjective_wedding_party_short_4000,psnr,46.49,True,12
wedding_party,wedding_party_short_1920x1080_24.yuv,enc_res_venc_mv_subjective_wedding_party_short_1000,psnr,42.607,True,11
wedding_party,wedding_party_short_1920x1080_24.yuv,enc_res_venc_mv_subjective_wedding_party_short_2000,psnr,44.709,True,11
wedding_party,wedding_party_short_1920x1080_24.yuv,enc_res_venc_mv_subjective_wedding_party_short_4000,psnr,46.185,True,12
wedding_party,wedding_party_short_1920x1080_24.yuv,enc_res_vp9_mv_subjective_wedding_party_short_1000,psnr,41.306,True,12
wedding_party,wedding_party_short_1920x1080_24.yuv,enc_res_vp9_mv_subjective_wedding_party_short_2000,psnr,43.438,True,12
wedding_party,wedding_party_short_1920x1080_24.yuv,enc_res_vp9_mv_subjective_wedding_party_short_4000,psnr,45.409,True,12
wedding_party,wedding_party_short_1920x1080_24.yuv,enc_res_x264_mv_subjective_wedding_party_short_1000,psnr,37.021,True,11
wedding_party,wedding_party_short_1920x1080_24.yuv,enc_res_x264_mv_subjective_wedding_party_short_2000,psnr,42.188,True,11
wedding_party,wedding_party_short_1920x1080_24.yuv,enc_res_x265_mv_subjective_wedding_party_short_1000,psnr,42.21,True,11
wedding_party,wedding_party_short_1920x1080_24.yuv,enc_res_x264_mv_subjective_wedding_party_short_4000,psnr,45.507,True,11
wedding_party,wedding_party_short_1920x1080_24.yuv,enc_res_x265_mv_subjective_wedding_party_short_2000,psnr,44.918,True,12
wedding_party,wedding_party_short_1920x1080_24.yuv,enc_res_x265_mv_subjective_wedding_party_short_4000,psnr,46.808,True,12
wedding_party,wedding_party_short_1920x1080_24.yuv,enc_res_xin265_mv_subjective_wedding_party_short_1000,psnr,41.662,True,11
wedding_party,wedding_party_short_1920x1080_24.yuv,enc_res_xin265_mv_subjective_wedding_party_short_2000,psnr,44.387,True,12
wedding_party,wedding_party_short_1920x1080_24.yuv,enc_res_xin265_mv_subjective_wedding_party_short_4000,psnr,46.452,True,12
wedding_party,wedding_party_short_1920x1080_24.yuv,enc_res_xvc_mv_subjective_wedding_party_short_1000,psnr,41.227,True,14
wedding_party,wedding_party_short_1920x1080_24.yuv,enc_res_xvc_mv_subjective_wedding_party_short_2000,psnr,44.16,True,14
wedding_party,wedding_party_short_1920x1080_24.yuv,enc_res_xvc_mv_subjective_wedding_party_short_4000,psnr,46.304,True,14
wedding_party,wedding_party_short_1920x1080_24.yuv,enc_res_bytedance_mv_subjective_wedding_party_short_1000,ssim,0.935,True,11
wedding_party,wedding_party_short_1920x1080_24.yuv,enc_res_bytedance_mv_subjective_wedding_party_short_2000,ssim,0.958,True,11
wedding_party,wedding_party_short_1920x1080_24.yuv,enc_res_bytedance_mv_subjective_wedding_party_short_4000,ssim,0.972,True,12
wedding_party,wedding_party_short_1920x1080_24.yuv,enc_res_huawei_20190725_mv_subjective_wedding_party_short_1000,ssim,0.941,True,11
wedding_party,wedding_party_short_1920x1080_24.yuv,enc_res_huawei_20190725_mv_subjective_wedding_party_short_2000,ssim,0.959,True,12
wedding_party,wedding_party_short_1920x1080_24.yuv,enc_res_huawei_20190725_mv_subjective_wedding_party_short_4000,ssim,0.969,True,12
wedding_party,wedding_party_short_1920x1080_24.yuv,enc_res_huawei_mv_subjective_wedding_party_short_1000,ssim,0.941,True,11
wedding_party,wedding_party_short_1920x1080_24.yuv,enc_res_huawei_mv_subjective_wedding_party_short_2000,ssim,0.963,True,11
wedding_party,wedding_party_short_1920x1080_24.yuv,enc_res_huawei_mv_subjective_wedding_party_short_4000,ssim,0.975,True,12
wedding_party,wedding_party_short_1920x1080_24.yuv,enc_res_mainconcept_mv_subjective_wedding_party_short_1000,ssim,0.942,True,11
wedding_party,wedding_party_short_1920x1080_24.yuv,enc_res_mainconcept_mv_subjective_wedding_party_short_2000,ssim,0.963,True,11
wedding_party,wedding_party_short_1920x1080_24.yuv,enc_res_mainconcept_mv_subjective_wedding_party_short_4000,ssim,0.974,True,13
wedding_party,wedding_party_short_1920x1080_24.yuv,enc_res_sif_mv_subjective_wedding_party_short_1000,ssim,0.894,True,12
wedding_party,wedding_party_short_1920x1080_24.yuv,enc_res_sif_mv_subjective_wedding_party_short_2000,ssim,0.928,True,12
wedding_party,wedding_party_short_1920x1080_24.yuv,enc_res_sif_mv_subjective_wedding_party_short_4000,ssim,0.954,True,12
wedding_party,wedding_party_short_1920x1080_24.yuv,enc_res_sz265_mv_subjective_wedding_party_short_1000,ssim,0.943,True,11
wedding_party,wedding_party_short_1920x1080_24.yuv,enc_res_sz265_mv_subjective_wedding_party_short_2000,ssim,0.964,True,11
wedding_party,wedding_party_short_1920x1080_24.yuv,enc_res_sz265_mv_subjective_wedding_party_short_4000,ssim,0.975,True,12
wedding_party,wedding_party_short_1920x1080_24.yuv,enc_res_t265_mv_subjective_wedding_party_short_1000,ssim,0.939,True,12
wedding_party,wedding_party_short_1920x1080_24.yuv,enc_res_t265_mv_subjective_wedding_party_short_2000,ssim,0.962,True,12
wedding_party,wedding_party_short_1920x1080_24.yuv,enc_res_t265_mv_subjective_wedding_party_short_4000,ssim,0.974,True,12
wedding_party,wedding_party_short_1920x1080_24.yuv,enc_res_uc265_mv_subjective_wedding_party_short_1000,ssim,0.937,True,11
wedding_party,wedding_party_short_1920x1080_24.yuv,enc_res_uc265_mv_subjective_wedding_party_short_2000,ssim,0.96,True,11
wedding_party,wedding_party_short_1920x1080_24.yuv,enc_res_uc265_mv_subjective_wedding_party_short_4000,ssim,0.973,True,12
wedding_party,wedding_party_short_1920x1080_24.yuv,enc_res_venc_mv_subjective_wedding_party_short_1000,ssim,0.947,True,12
wedding_party,wedding_party_short_1920x1080_24.yuv,enc_res_venc_mv_subjective_wedding_party_short_2000,ssim,0.963,True,12
wedding_party,wedding_party_short_1920x1080_24.yuv,enc_res_venc_mv_subjective_wedding_party_short_4000,ssim,0.973,True,11
wedding_party,wedding_party_short_1920x1080_24.yuv,enc_res_vp9_mv_subjective_wedding_party_short_1000,ssim,0.932,True,11
wedding_party,wedding_party_short_1920x1080_24.yuv,enc_res_vp9_mv_subjective_wedding_party_short_2000,ssim,0.952,True,12
wedding_party,wedding_party_short_1920x1080_24.yuv,enc_res_vp9_mv_subjective_wedding_party_short_4000,ssim,0.966,True,12
wedding_party,wedding_party_short_1920x1080_24.yuv,enc_res_x264_mv_subjective_wedding_party_short_1000,ssim,0.882,True,11
wedding_party,wedding_party_short_1920x1080_24.yuv,enc_res_x264_mv_subjective_wedding_party_short_2000,ssim,0.943,True,11
wedding_party,wedding_party_short_1920x1080_24.yuv,enc_res_x265_mv_subjective_wedding_party_short_1000,ssim,0.94,True,11
wedding_party,wedding_party_short_1920x1080_24.yuv,enc_res_x264_mv_subjective_wedding_party_short_4000,ssim,0.968,True,12
wedding_party,wedding_party_short_1920x1080_24.yuv,enc_res_x265_mv_subjective_wedding_party_short_2000,ssim,0.963,True,12
wedding_party,wedding_party_short_1920x1080_24.yuv,enc_res_x265_mv_subjective_wedding_party_short_4000,ssim,0.975,True,12
wedding_party,wedding_party_short_1920x1080_24.yuv,enc_res_xin265_mv_subjective_wedding_party_short_1000,ssim,0.936,True,10
wedding_party,wedding_party_short_1920x1080_24.yuv,enc_res_xin265_mv_subjective_wedding_party_short_2000,ssim,0.959,True,12
wedding_party,wedding_party_short_1920x1080_24.yuv,enc_res_xin265_mv_subjective_wedding_party_short_4000,ssim,0.973,True,12
wedding_party,wedding_party_short_1920x1080_24.yuv,enc_res_xvc_mv_subjective_wedding_party_short_1000,ssim,0.931,True,14
wedding_party,wedding_party_short_1920x1080_24.yuv,enc_res_xvc_mv_subjective_wedding_party_short_2000,ssim,0.958,True,14
wedding_party,wedding_party_short_1920x1080_24.yuv,enc_res_xvc_mv_subjective_wedding_party_short_4000,ssim,0.972,True,15
wedding_party,wedding_party_short_1920x1080_24.yuv,enc_res_bytedance_mv_subjective_wedding_party_short_1000,vmaf,70.328,True,42
wedding_party,wedding_party_short_1920x1080_24.yuv,enc_res_bytedance_mv_subjective_wedding_party_short_2000,vmaf,90.21,True,41
wedding_party,wedding_party_short_1920x1080_24.yuv,enc_res_bytedance_mv_subjective_wedding_party_short_4000,vmaf,99.219,True,42
wedding_party,wedding_party_short_1920x1080_24.yuv,enc_res_huawei_20190725_mv_subjective_wedding_party_short_1000,vmaf,73.313,True,41
wedding_party,wedding_party_short_1920x1080_24.yuv,enc_res_huawei_20190725_mv_subjective_wedding_party_short_2000,vmaf,90.215,True,45
wedding_party,wedding_party_short_1920x1080_24.yuv,enc_res_huawei_20190725_mv_subjective_wedding_party_short_4000,vmaf,98.644,True,46
wedding_party,wedding_party_short_1920x1080_24.yuv,enc_res_huawei_mv_subjective_wedding_party_short_1000,vmaf,73.213,True,55
wedding_party,wedding_party_short_1920x1080_24.yuv,enc_res_huawei_mv_subjective_wedding_party_short_2000,vmaf,94.636,True,56
wedding_party,wedding_party_short_1920x1080_24.yuv,enc_res_huawei_mv_subjective_wedding_party_short_4000,vmaf,99.816,True,56
wedding_party,wedding_party_short_1920x1080_24.yuv,enc_res_mainconcept_mv_subjective_wedding_party_short_1000,vmaf,75.592,True,56
wedding_party,wedding_party_short_1920x1080_24.yuv,enc_res_mainconcept_mv_subjective_wedding_party_short_2000,vmaf,95.142,True,50
wedding_party,wedding_party_short_1920x1080_24.yuv,enc_res_mainconcept_mv_subjective_wedding_party_short_4000,vmaf,99.809,True,49
wedding_party,wedding_party_short_1920x1080_24.yuv,enc_res_sif_mv_subjective_wedding_party_short_1000,vmaf,27.493,True,43
wedding_party,wedding_party_short_1920x1080_24.yuv,enc_res_sif_mv_subjective_wedding_party_short_2000,vmaf,60.423,True,43
wedding_party,wedding_party_short_1920x1080_24.yuv,enc_res_sif_mv_subjective_wedding_party_short_4000,vmaf,87.195,True,42
wedding_party,wedding_party_short_1920x1080_24.yuv,enc_res_sz265_mv_subjective_wedding_party_short_1000,vmaf,77.156,True,42
wedding_party,wedding_party_short_1920x1080_24.yuv,enc_res_sz265_mv_subjective_wedding_party_short_2000,vmaf,95.24,True,43
wedding_party,wedding_party_short_1920x1080_24.yuv,enc_res_sz265_mv_subjective_wedding_party_short_4000,vmaf,99.594,True,42
wedding_party,wedding_party_short_1920x1080_24.yuv,enc_res_t265_mv_subjective_wedding_party_short_1000,vmaf,72.527,True,41
wedding_party,wedding_party_short_1920x1080_24.yuv,enc_res_t265_mv_subjective_wedding_party_short_2000,vmaf,94.403,True,42
wedding_party,wedding_party_short_1920x1080_24.yuv,enc_res_t265_mv_subjective_wedding_party_short_4000,vmaf,99.845,True,43
wedding_party,wedding_party_short_1920x1080_24.yuv,enc_res_uc265_mv_subjective_wedding_party_short_1000,vmaf,71.713,True,42
wedding_party,wedding_party_short_1920x1080_24.yuv,enc_res_uc265_mv_subjective_wedding_party_short_4000,vmaf,99.202,True,44
wedding_party,wedding_party_short_1920x1080_24.yuv,enc_res_uc265_mv_subjective_wedding_party_short_2000,vmaf,91.71,True,45
wedding_party,wedding_party_short_1920x1080_24.yuv,enc_res_venc_mv_subjective_wedding_party_short_1000,vmaf,81.18,True,56
wedding_party,wedding_party_short_1920x1080_24.yuv,enc_res_venc_mv_subjective_wedding_party_short_2000,vmaf,96.499,True,56
wedding_party,wedding_party_short_1920x1080_24.yuv,enc_res_venc_mv_subjective_wedding_party_short_4000,vmaf,99.893,True,43
wedding_party,wedding_party_short_1920x1080_24.yuv,enc_res_vp9_mv_subjective_wedding_party_short_1000,vmaf,69.029,True,42
wedding_party,wedding_party_short_1920x1080_24.yuv,enc_res_vp9_mv_subjective_wedding_party_short_2000,vmaf,85.32,True,43
wedding_party,wedding_party_short_1920x1080_24.yuv,enc_res_vp9_mv_subjective_wedding_party_short_4000,vmaf,96.841,True,42
wedding_party,wedding_party_short_1920x1080_24.yuv,enc_res_x264_mv_subjective_wedding_party_short_2000,vmaf,74.569,True,41
wedding_party,wedding_party_short_1920x1080_24.yuv,enc_res_x264_mv_subjective_wedding_party_short_1000,vmaf,38.853,True,42
wedding_party,wedding_party_short_1920x1080_24.yuv,enc_res_x264_mv_subjective_wedding_party_short_4000,vmaf,97.576,True,42
wedding_party,wedding_party_short_1920x1080_24.yuv,enc_res_x265_mv_subjective_wedding_party_short_1000,vmaf,74.685,True,42
wedding_party,wedding_party_short_1920x1080_24.yuv,enc_res_x265_mv_subjective_wedding_party_short_2000,vmaf,94.806,True,43
wedding_party,wedding_party_short_1920x1080_24.yuv,enc_res_x265_mv_subjective_wedding_party_short_4000,vmaf,99.662,True,43
wedding_party,wedding_party_short_1920x1080_24.yuv,enc_res_xin265_mv_subjective_wedding_party_short_1000,vmaf,72.313,True,42
wedding_party,wedding_party_short_1920x1080_24.yuv,enc_res_xin265_mv_subjective_wedding_party_short_2000,vmaf,91.504,True,41
wedding_party,wedding_party_short_1920x1080_24.yuv,enc_res_xin265_mv_subjective_wedding_party_short_4000,vmaf,99.129,True,44
wedding_party,wedding_party_short_1920x1080_24.yuv,enc_res_xvc_mv_subjective_wedding_party_short_1000,vmaf,65.462,True,44
wedding_party,wedding_party_short_1920x1080_24.yuv,enc_res_xvc_mv_subjective_wedding_party_short_4000,vmaf,99.452,True,45
wedding_party,wedding_party_short_1920x1080_24.yuv,enc_res_xvc_mv_subjective_wedding_party_short_2000,vmaf,89.511,True,45
wedding_party,nan,enc_res_bytedance_mv_subjective_wedding_party_short_2000,niqe,11.035,True,34
wedding_party,nan,enc_res_bytedance_mv_subjective_wedding_party_short_1000,niqe,11.335,True,34
wedding_party,nan,enc_res_huawei_20190725_mv_subjective_wedding_party_short_1000,niqe,11.387,True,34
wedding_party,nan,enc_res_bytedance_mv_subjective_wedding_party_short_4000,niqe,10.775,True,35
wedding_party,nan,enc_res_huawei_20190725_mv_subjective_wedding_party_short_2000,niqe,11.11,True,37
wedding_party,nan,enc_res_huawei_20190725_mv_subjective_wedding_party_short_4000,niqe,10.905,True,37
wedding_party,nan,enc_res_huawei_mv_subjective_wedding_party_short_1000,niqe,11.417,True,35
wedding_party,nan,enc_res_huawei_mv_subjective_wedding_party_short_2000,niqe,11.033,True,35
wedding_party,nan,enc_res_huawei_mv_subjective_wedding_party_short_4000,niqe,10.769,True,36
wedding_party,nan,enc_res_mainconcept_mv_subjective_wedding_party_short_1000,niqe,11.511,True,36
wedding_party,nan,enc_res_mainconcept_mv_subjective_wedding_party_short_2000,niqe,11.129,True,35
wedding_party,nan,enc_res_mainconcept_mv_subjective_wedding_party_short_4000,niqe,10.897,True,35
wedding_party,nan,enc_res_sif_mv_subjective_wedding_party_short_1000,niqe,12.446,True,35
wedding_party,nan,enc_res_sif_mv_subjective_wedding_party_short_2000,niqe,11.86,True,35
wedding_party,nan,enc_res_sz265_mv_subjective_wedding_party_short_1000,niqe,11.336,True,34
wedding_party,nan,enc_res_sif_mv_subjective_wedding_party_short_4000,niqe,11.258,True,35
wedding_party,nan,enc_res_sz265_mv_subjective_wedding_party_short_2000,niqe,10.967,True,35
wedding_party,nan,enc_res_sz265_mv_subjective_wedding_party_short_4000,niqe,10.721,True,35
wedding_party,nan,enc_res_t265_mv_subjective_wedding_party_short_1000,niqe,11.494,True,34
wedding_party,nan,enc_res_t265_mv_subjective_wedding_party_short_2000,niqe,11.096,True,34
wedding_party,nan,enc_res_uc265_mv_subjective_wedding_party_short_1000,niqe,11.351,True,34
wedding_party,nan,enc_res_t265_mv_subjective_wedding_party_short_4000,niqe,10.839,True,35
wedding_party,nan,enc_res_uc265_mv_subjective_wedding_party_short_4000,niqe,10.776,True,35
wedding_party,nan,enc_res_uc265_mv_subjective_wedding_party_short_2000,niqe,11.017,True,35
wedding_party,nan,enc_res_venc_mv_subjective_wedding_party_short_1000,niqe,11.316,True,35
wedding_party,nan,enc_res_venc_mv_subjective_wedding_party_short_2000,niqe,11.07,True,35
wedding_party,nan,enc_res_vp9_mv_subjective_wedding_party_short_1000,niqe,11.646,True,35
wedding_party,nan,enc_res_venc_mv_subjective_wedding_party_short_4000,niqe,10.839,True,35
wedding_party,nan,enc_res_vp9_mv_subjective_wedding_party_short_2000,niqe,11.351,True,36
wedding_party,nan,enc_res_vp9_mv_subjective_wedding_party_short_4000,niqe,11.159,True,36
wedding_party,nan,enc_res_x264_mv_subjective_wedding_party_short_2000,niqe,11.309,True,34
wedding_party,nan,enc_res_x264_mv_subjective_wedding_party_short_1000,niqe,11.298,True,34
wedding_party,nan,enc_res_x264_mv_subjective_wedding_party_short_4000,niqe,11.134,True,34
wedding_party,nan,enc_res_x265_mv_subjective_wedding_party_short_1000,niqe,11.377,True,34
wedding_party,nan,enc_res_x265_mv_subjective_wedding_party_short_2000,niqe,10.99,True,35
wedding_party,nan,enc_res_x265_mv_subjective_wedding_party_short_4000,niqe,10.763,True,35
wedding_party,nan,enc_res_xin265_mv_subjective_wedding_party_short_2000,niqe,11.067,True,34
wedding_party,nan,enc_res_xin265_mv_subjective_wedding_party_short_1000,niqe,11.537,True,34
wedding_party,nan,enc_res_xin265_mv_subjective_wedding_party_short_4000,niqe,10.781,True,37
wedding_party,nan,enc_res_xvc_mv_subjective_wedding_party_short_1000,niqe,11.086,True,37
wedding_party,nan,enc_res_xvc_mv_subjective_wedding_party_short_2000,niqe,10.785,True,39
wedding_party,nan,enc_res_xvc_mv_subjective_wedding_party_short_4000,niqe,10.492,True,39
